Date,SMALL LoINV,ME1 INV2,SMALL HiINV,BIG LoINV,ME2 INV2,BIG HiINV
196307,-0.9962,-0.5098,-0.1385,-1.2396,0.5487,0.1981
196308,4.6421,4.4236,5.5403,6.1849,4.8311,6.0558
196309,-1.0470,-2.1324,-2.0696,-1.1901,-1.4168,-0.4660
196310,2.0194,1.0046,1.4467,2.0655,1.8442,7.1314
196311,-0.7462,-1.1328,-2.4649,0.1795,0.1686,-2.6430
196312,-0.0953,0.1850,1.1097,2.3372,2.6013,1.6368
196401,4.2674,3.0242,1.4225,2.7854,2.7354,2.6678
196402,2.4559,2.8335,1.5921,2.5349,1.4431,1.7770
196403,5.8353,3.2906,2.4035,4.1144,0.9174,1.5810
196404,-0.9704,-0.1621,-1.5191,-1.7953,1.1802,1.0063
196405,2.6522,0.5430,0.0009,0.8658,0.9869,3.2524
196406,2.1025,2.0395,1.1954,0.3238,2.3249,1.0308
196407,2.8697,2.6663,1.9014,3.1320,2.2080,0.3944
196408,-1.3910,-0.0718,-0.6177,-0.4171,-1.1141,-1.8082
196409,3.8084,3.1370,2.7359,3.6801,2.5308,3.6381
196410,2.0470,1.6190,1.5018,0.5135,1.1019,0.0238
196411,-0.7146,-0.4735,0.3450,1.0835,0.3210,0.3462
196412,-2.0040,-0.1165,0.1322,-0.5212,0.9276,0.4419
196501,7.0980,5.8130,6.4818,4.7506,2.6261,5.4119
196502,4.0616,3.5247,4.3216,0.8586,-0.0129,1.8354
196503,1.6720,1.2723,0.3453,-1.0586,-1.4158,-1.0300
196504,3.7656,5.0480,5.3879,2.3653,3.1278,5.2822
196505,0.5455,-0.4135,-0.0122,0.3779,-0.3794,-0.2367
196506,-9.2709,-8.4814,-10.1482,-5.8661,-3.9569,-5.8578
196507,3.3745,2.5610,3.2759,1.5652,1.3623,1.8227
196508,6.2178,4.7626,6.0474,2.2613,2.4383,4.0481
196509,4.4771,3.7928,4.0292,4.0458,3.0405,3.0326
196510,6.4838,6.3270,7.2878,2.4758,2.3950,3.1920
196511,7.5034,4.3884,6.2021,-0.8942,-1.0115,2.1530
196512,2.8610,4.1566,4.5638,1.2657,1.0541,0.6680
196601,6.6116,6.2575,5.9235,-0.0020,0.3011,1.1978
196602,4.7885,2.4700,3.7742,-3.2177,-1.6301,0.6937
196603,-1.5024,-3.0564,-1.7133,-1.3261,-2.9123,-1.0176
196604,6.7597,3.1707,6.6106,1.6033,1.6287,3.5943
196605,-11.7393,-9.5945,-9.9109,-5.1912,-4.9351,-4.0501
196606,0.9377,-0.0652,0.1970,-0.2499,-1.6199,-1.0912
196607,-1.7534,-1.2053,-2.1584,-0.1499,-0.7106,-3.2298
196608,-10.2815,-9.6286,-10.8633,-6.8503,-7.1561,-7.8106
196609,-1.3825,-1.6927,-1.9189,0.4000,0.4988,-3.7688
196610,-0.7063,-0.2222,-3.7446,6.8686,5.4415,1.4524
196611,2.2880,3.6031,7.3762,-1.5403,0.7562,6.3929
196612,1.2999,1.0227,3.7449,0.9155,0.6710,-1.2024
196701,16.5956,15.9689,18.9739,6.2204,7.2331,9.9714
196702,4.2177,2.8439,3.3180,-1.0625,1.0926,1.6912
196703,5.8277,6.4676,6.6404,3.9984,3.5622,6.1831
196704,3.8907,4.2890,5.2869,1.2283,4.1808,7.2783
196705,-1.2839,-1.8050,-1.8006,-2.2728,-4.9581,-4.9866
196706,7.2325,8.5213,10.3634,1.3510,1.4810,3.2097
196707,10.1691,7.8458,7.4008,6.6350,3.7806,4.0849
196708,0.9863,1.1033,-1.3580,-0.7007,-0.6494,-1.0510
196709,4.9856,4.9600,5.9019,3.0678,2.9270,4.0184
196710,-3.6839,-0.7537,-3.6224,-4.9485,-3.1273,0.4747
196711,-1.2658,1.1888,1.3546,-0.5507,0.8856,1.3954
196712,8.5132,6.9590,9.0879,3.1596,2.4782,2.6397
196801,4.4212,1.7502,-2.0683,-1.2070,-3.5458,-7.6349
196802,-4.6110,-5.4206,-7.2998,-1.7791,-2.8353,-4.0014
196803,-0.7105,-0.6597,-2.0060,-1.1855,0.8010,2.4145
196804,14.0472,13.1715,17.0564,6.7240,7.9252,11.1709
196805,8.6279,9.1457,9.2056,0.5948,0.7831,3.8539
196806,2.3544,1.0590,-0.6395,2.1462,1.5433,-0.4530
196807,-1.1225,-2.9920,-5.5950,-1.1924,-0.6939,-4.2999
196808,4.7246,3.1128,4.0252,1.9294,1.1152,1.6938
196809,6.6746,6.9949,8.0227,6.4952,3.2461,3.4072
196810,0.8318,1.1777,-0.0264,3.2139,1.6623,-1.6148
196811,7.1863,7.7054,8.2768,2.7986,6.1456,6.7375
196812,0.6521,-0.7482,-0.7258,-2.4265,-4.1200,-4.9079
196901,-0.9340,-0.2701,-2.1408,-1.0423,0.3274,-2.4146
196902,-8.9637,-7.5936,-10.1659,-4.4031,-4.5971,-4.7057
196903,2.0990,3.4471,3.1516,3.3488,3.6202,3.1758
196904,1.2894,2.5508,-0.2830,0.6834,2.6814,2.5666
196905,0.4936,0.5410,-0.5613,-0.0138,1.3894,-1.0613
196906,-11.7799,-10.8870,-12.3630,-7.3888,-6.3049,-3.5525
196907,-8.1038,-8.9970,-11.3724,-5.6790,-6.0496,-6.0842
196908,4.0346,4.1784,8.0030,2.9822,5.2095,6.9688
196909,-1.5049,-0.8004,-1.8509,-2.9155,-2.9435,-1.3222
196910,7.7728,8.0301,11.0082,4.7478,5.3169,5.6685
196911,-4.8822,-5.2052,-6.0597,-2.5375,-3.8295,-1.7851
196912,-6.5323,-4.3269,-5.1745,-3.3478,-0.7091,-0.8624
197001,-3.0465,-2.9048,-7.4439,-5.7110,-8.1892,-9.2324
197002,4.9531,3.1718,3.2108,8.0371,6.1647,4.0371
197003,-0.0182,-1.7670,-4.9808,2.0358,-0.2968,-1.8501
197004,-13.2748,-13.7492,-20.5458,-8.5001,-8.4118,-13.0263
197005,-7.8842,-9.5789,-12.5649,-4.9456,-5.2197,-7.8466
197006,-5.6596,-6.7299,-8.8998,-5.0858,-3.8208,-7.2665
197007,6.9106,6.6339,7.0744,9.6729,6.9207,6.0672
197008,6.4158,6.6207,6.5397,5.8730,4.1650,6.0243
197009,9.8143,9.9860,16.5841,2.1115,3.4001,7.2975
197010,-4.6443,-5.2637,-7.4030,-0.9205,-0.8937,-2.6563
197011,2.0719,2.9722,0.2940,6.0443,5.3824,5.0406
197012,8.8350,9.1421,8.4178,5.4038,6.4428,5.2262
197101,14.2000,10.7493,11.1726,3.3439,4.0269,6.4826
197102,2.7735,3.1125,4.4726,1.9502,1.1789,1.8523
197103,5.1029,6.0065,7.4126,3.1530,3.9228,6.1365
197104,3.8103,4.3383,2.1931,4.3781,2.8386,4.2941
197105,-4.0729,-4.9762,-5.4886,-3.7423,-3.8784,-2.7246
197106,-2.7289,0.2567,-1.0108,-0.5400,0.5554,1.0894
197107,-5.3058,-4.0834,-6.7914,-4.0552,-3.2243,-5.3420
197108,5.4517,4.2968,3.9797,8.0479,3.2820,4.3372
197109,-1.8730,-0.5488,0.8669,-0.7345,-0.4586,-0.3096
197110,-6.1571,-5.2394,-5.1504,-5.2432,-3.6387,-3.4756
197111,-2.9624,-2.7012,-3.1840,-0.4643,0.1446,0.6431
197112,12.3386,10.6235,12.9473,7.0943,8.7142,9.8428
197201,9.9205,7.3923,8.2155,3.0040,1.0092,3.6386
197202,4.0642,2.6616,3.5256,2.1411,3.0690,3.6766
197203,-0.1902,0.0209,1.0438,2.0219,0.4492,1.1922
197204,1.0357,0.6238,0.8271,-1.3197,0.7352,1.0094
197205,-1.6846,-1.9957,-1.7938,-0.9710,2.0393,3.0727
197206,-2.4676,-3.2580,-3.5238,-3.1247,-2.0993,-1.3664
197207,-3.5800,-2.6482,-4.1862,-2.0798,0.2894,-0.0603
197208,1.9550,1.8671,-0.0933,6.3513,4.0257,2.6086
197209,-3.7795,-2.5022,-2.8630,-3.4763,-0.0315,-0.4591
197210,-1.3533,-0.1718,-2.7272,0.1116,1.0529,1.4250
197211,6.0639,6.0729,3.8910,8.1772,4.9656,3.6722
197212,-1.7246,-1.0257,-1.5060,-2.3717,1.7463,1.6920
197301,-4.4942,-5.1048,-6.4478,-4.1750,-0.8596,-4.0309
197302,-7.8887,-6.9754,-9.7441,-5.3686,-3.7333,-3.6056
197303,-1.2678,-3.3928,-2.9150,-1.5053,0.0737,-0.8656
197304,-6.1162,-5.0569,-9.3329,-4.0003,-3.6570,-5.8222
197305,-8.8141,-7.4989,-8.5751,-4.2224,-1.3983,-1.0601
197306,-2.7522,-2.7627,-5.1017,-3.0221,-0.3615,-0.8435
197307,10.1166,10.6675,15.2803,6.2437,3.2395,7.5325
197308,-4.2977,-4.2293,-4.4131,-1.2129,-3.2494,-3.5858
197309,9.7968,8.9240,10.7249,8.6560,4.2753,4.2598
197310,1.2419,0.2832,-1.9265,1.7643,-0.3954,-0.5198
197311,-17.9448,-17.5553,-20.8125,-13.2083,-10.3479,-13.6534
197312,-1.5127,-2.6081,-1.8996,4.6569,1.5303,0.1727
197401,14.5475,10.2077,7.7629,0.9318,-0.5286,-1.2651
197402,1.7914,1.1214,-0.5428,2.5561,-0.4300,-0.4474
197403,-0.1666,0.2880,-0.5407,-2.0389,-2.3496,-2.5370
197404,-3.5761,-5.1114,-6.3448,-2.8143,-4.6071,-4.3246
197405,-6.8071,-6.8614,-8.1589,-4.3819,-3.4078,-2.3662
197406,-1.0698,-1.3248,-3.7526,-1.1196,-1.2556,-4.4061
197407,-3.6259,-3.7799,-6.1596,-3.5911,-7.5246,-10.0586
197408,-6.1780,-8.0894,-9.5765,-8.4527,-8.1746,-10.2367
197409,-6.6524,-7.2260,-11.5079,-7.8025,-10.6862,-14.5950
197410,9.0668,9.3781,10.9648,18.3314,15.5302,22.2576
197411,-3.1996,-4.3030,-6.3474,-1.5295,-4.2951,-4.1827
197412,-5.6998,-5.3013,-8.5471,-1.2056,-1.3664,-5.1251
197501,26.9154,25.9071,28.7009,13.4974,12.6677,13.8211
197502,4.4247,3.9755,4.7307,3.1975,6.5718,7.1168
197503,6.0988,6.7922,9.3823,5.1429,1.5390,4.5474
197504,3.9617,3.9859,4.5727,4.8945,3.8407,7.0317
197505,6.7748,7.7066,9.0148,5.4844,5.9179,4.3625
197506,7.1803,7.4941,6.5588,6.0152,5.1236,4.4868
197507,-2.3576,-2.2546,-3.0962,-4.6780,-7.1587,-6.4158
197508,-5.4208,-4.2945,-5.1347,-3.7602,-1.6223,-2.0731
197509,-3.4876,-4.0448,-3.5889,-3.6771,-2.8141,-4.7060
197510,2.9473,2.3269,2.1241,8.2894,7.5387,4.5599
197511,2.6435,2.8443,2.0337,4.2102,4.3919,1.3391
197512,-0.6332,-0.1525,-2.0689,-0.9066,-1.3087,-1.0079
197601,20.8796,18.6180,18.8861,14.1720,12.0399,11.4982
197602,10.1595,8.1140,7.8493,3.4342,-0.1215,-1.6509
197603,2.4662,1.5858,0.7644,3.3127,2.7251,3.0444
197604,-1.4234,-0.9433,-1.0538,-2.0073,-1.6055,-0.2782
197605,-2.7768,-1.9440,-1.7455,-1.4093,-1.7387,0.3481
197606,3.9512,3.8000,4.0538,6.1098,4.8204,3.9638
197607,0.1016,0.9527,-0.4358,-0.8282,-0.3802,-0.9004
197608,-2.4347,-1.1357,-2.6195,-1.8071,0.9415,-0.4908
197609,1.7356,3.1393,3.3462,2.3695,2.1519,3.0304
197610,-2.1899,-1.8975,-2.1587,-2.9015,-1.7300,-2.1828
197611,2.9742,3.6760,3.8471,0.6346,1.2199,-0.3848
197612,10.7522,9.5670,8.9045,7.7195,5.9642,4.7565
197701,2.8725,1.9375,1.7722,-2.9895,-3.5170,-5.7438
197702,-1.0517,0.0506,-1.2199,-2.3499,-1.5489,-1.8099
197703,0.0912,0.7832,0.3646,-0.9550,-1.4235,-1.0089
197704,2.0912,1.4164,1.3929,0.8672,0.8947,-0.5087
197705,0.1309,0.0835,0.0472,-1.3752,-0.8324,-1.7283
197706,7.1066,5.5565,7.7730,4.0236,4.2464,5.8951
197707,0.1210,0.1174,0.2894,-1.3516,-1.3577,-1.7643
197708,-1.7771,-0.5471,0.1921,-0.2802,-1.9473,-0.9178
197709,1.0328,1.6318,1.3653,-1.3850,0.4539,-0.4193
197710,-3.3473,-1.2931,-2.9954,-4.3913,-4.2602,-3.8156
197711,8.2998,7.7190,7.7246,5.1586,3.6696,4.3646
197712,1.9718,1.3266,2.6313,-0.2518,0.6830,0.4065
197801,-1.5897,-2.9446,-3.9354,-5.4786,-5.7958,-6.2479
197802,3.0073,1.8471,1.9436,-1.4541,-0.7611,-2.4932
197803,8.3336,6.1398,6.1006,3.8464,3.2813,2.0849
197804,7.4706,7.1971,9.4052,9.6113,7.4769,10.2177
197805,6.8679,4.4455,7.4529,2.7332,1.4157,1.5683
197806,-0.4946,1.4249,-0.2463,-1.0248,-1.7711,-1.0241
197807,5.1862,5.5458,6.5113,5.8754,5.5139,6.0202
197808,9.7819,7.3150,8.5994,4.2594,3.3208,4.4484
197809,-0.6653,-1.2056,-1.2523,0.4787,-0.6894,-2.0741
197810,-20.7021,-17.5930,-22.4377,-10.8048,-8.8778,-11.3578
197811,5.1596,5.0316,7.8452,3.6923,2.7572,3.3774
197812,1.6981,1.5071,3.1559,0.5180,1.6513,1.9977
197901,9.9763,7.7083,8.3697,5.3994,4.5030,3.8433
197902,-2.1664,-2.5552,-2.9050,-2.7268,-2.7840,-3.9081
197903,10.1763,7.6001,10.7297,7.9746,5.1140,6.8332
197904,3.6793,1.6070,2.7161,0.0708,0.4147,0.5567
197905,-0.9532,-1.2927,-1.8127,-2.4123,-1.4987,-0.9294
197906,4.9822,5.8756,6.0288,5.4979,3.7070,5.5672
197907,3.0713,3.3811,2.5201,2.6693,0.7348,2.1707
197908,7.5542,7.5577,8.5634,5.9670,5.5573,7.8696
197909,-0.3549,-0.7615,-0.0245,0.7638,-0.1307,-0.5696
197910,-11.3637,-10.1988,-9.8087,-5.8966,-6.6449,-7.7237
197911,7.8092,7.1334,10.0344,6.1944,5.0145,7.6319
197912,6.5663,5.8021,7.0728,2.0401,1.5894,3.5450
198001,8.4001,7.1908,8.3055,8.6074,5.2170,4.9191
198002,-2.0338,-2.0240,-1.4988,2.7334,-0.4061,-3.6447
198003,-17.9540,-16.5455,-19.0605,-13.3363,-9.3160,-10.1248
198004,6.7043,5.6709,6.3579,5.5220,4.6439,5.1945
198005,7.2157,7.9744,8.3587,6.5157,5.0969,6.6294
198006,4.0261,4.5323,5.2200,2.9648,3.1638,3.3844
198007,8.0832,8.9328,12.8172,7.3944,5.9421,7.5430
198008,5.4732,5.7085,6.5788,1.6600,1.6503,2.0086
198009,2.7059,2.4421,4.9491,2.2404,1.6998,5.7186
198010,2.9315,3.5984,4.6379,1.8180,1.1750,2.9665
198011,5.7056,5.2202,10.0863,8.3738,9.9640,15.0337
198012,-2.4971,-1.8910,-4.4694,-3.3084,-2.3417,-3.8841
198101,0.3644,0.8015,-2.7940,-2.9317,-2.9697,-8.3044
198102,1.4592,2.4856,0.0764,3.1348,2.5403,0.3946
198103,6.6057,6.9981,9.0745,6.7650,2.7888,5.4235
198104,3.1485,3.1882,3.1360,-0.3210,-1.5295,-3.3940
198105,2.4207,2.5933,4.4558,-0.4502,0.8716,1.0843
198106,-0.4270,0.3847,-4.0530,-0.3177,0.0309,-2.0764
198107,-2.1653,-2.0344,-2.5244,-2.9376,-0.9266,2.7490
198108,-7.3626,-5.5805,-8.9360,-5.6193,-4.8037,-6.8143
198109,-7.3748,-5.9752,-9.3724,-5.3853,-3.3330,-8.4525
198110,7.6519,7.0140,8.6023,4.4903,3.9710,9.1140
198111,2.8365,4.9681,2.0280,5.5359,4.5859,4.3449
198112,-0.7684,-1.0794,-2.6484,-1.5368,-2.1394,-4.5658
198201,-2.7792,-2.2792,-4.6065,-2.5737,-0.5196,-4.6411
198202,-3.3084,-1.9828,-6.3567,-2.3051,-3.3573,-8.3956
198203,0.4462,0.3974,-2.0556,-0.4592,0.4202,-2.6962
198204,5.5170,4.9359,6.3896,6.2786,3.2842,5.5023
198205,-2.4113,-1.7473,-3.3068,-3.9980,-2.6469,-2.8556
198206,-1.9975,-1.4789,-3.3814,-0.8961,-0.4668,-4.5807
198207,-0.6855,-0.8077,-2.3073,-2.3651,-1.5711,-3.6226
198208,8.6294,8.5861,8.3623,13.3131,11.9482,13.2479
198209,3.7177,4.8027,3.0085,1.0672,1.4754,1.8229
198210,13.4071,13.0475,14.6750,14.2608,9.8686,13.5992
198211,9.7681,9.0512,8.5482,5.1818,3.9370,5.8160
198212,1.8283,0.8020,0.9823,0.9608,2.0754,-0.1989
198301,6.8079,5.5823,8.3951,4.1022,3.4085,3.6275
198302,7.1294,6.6808,4.2679,2.5701,2.7032,3.4107
198303,6.8347,5.4326,3.0870,5.2754,2.8334,3.4187
198304,8.2666,7.6433,7.3178,8.3861,7.5117,6.3217
198305,6.9652,5.0996,7.1540,-0.2367,-1.3824,2.4286
198306,5.1453,4.3642,4.3527,2.5184,3.3119,4.8798
198307,-1.6587,-1.3206,-3.2547,-1.2207,-2.8553,-5.3858
198308,-3.5065,-2.0055,-3.7456,3.1382,1.3436,-0.3208
198309,2.0516,2.5058,1.5521,1.4765,2.2571,0.9726
198310,-4.7651,-4.1809,-7.1667,-0.7494,-0.7852,-4.3404
198311,5.2438,4.7880,3.9956,3.0607,1.9987,3.0379
198312,-0.7026,-0.9084,-2.1952,-0.1159,-0.8192,-1.2760
198401,-0.4414,-0.1225,-2.4590,0.2358,-0.1043,-3.5163
198402,-5.4668,-4.8040,-5.6569,-2.3956,-3.2474,-5.2293
198403,1.8991,1.0829,0.8934,2.3425,1.0597,1.0541
198404,-0.8185,0.0952,-0.6705,1.3666,1.0398,-0.3292
198405,-5.5246,-3.7572,-6.1494,-6.1340,-5.0449,-4.4890
198406,2.2199,3.0291,3.1721,1.0658,3.3961,3.2550
198407,-5.8562,-2.0183,-4.7289,-4.0536,-1.1136,-0.8529
198408,10.5301,10.0422,13.0417,12.9727,9.9355,12.2729
198409,0.4689,1.6127,-2.0709,0.7561,0.5338,-1.4797
198410,-2.4792,0.2625,-1.2911,-0.8108,1.0914,0.0745
198411,-1.8675,-0.2452,-3.3511,-0.0156,-0.4222,-2.4293
198412,0.5579,2.2113,2.7838,2.1854,2.5658,2.7797
198501,10.5973,9.8145,13.7669,7.1028,6.8492,10.8491
198502,2.5572,2.5492,2.3798,2.6978,1.8625,0.5460
198503,-1.0602,-0.1487,-2.6996,1.9519,0.4066,-2.1357
198504,-0.8495,0.8355,-1.5832,-0.0792,-0.1967,-0.7749
198505,2.8920,3.7526,4.5453,5.4587,6.1258,6.6623
198506,0.6220,2.5246,2.2155,1.0427,1.9739,1.4952
198507,2.5781,2.1114,2.5628,-0.5335,-0.8873,0.2224
198508,-0.3746,0.6445,-2.0775,0.5556,-0.3318,-1.6047
198509,-5.6006,-4.2587,-6.5389,-2.4788,-3.3115,-4.6919
198510,2.7808,4.1114,3.1215,3.4234,5.3329,5.2077
198511,4.6763,7.2168,7.9279,6.0828,7.2697,7.5331
198512,2.8662,4.5721,4.6730,3.5782,4.4727,5.3019
198601,1.3674,1.6257,2.5270,-1.3003,1.5834,1.5177
198602,5.5570,7.7581,7.5956,6.6262,9.0994,7.0530
198603,5.0140,5.2332,4.5124,5.8089,6.0413,4.6935
198604,0.8285,1.0885,2.1609,0.6602,-2.5944,-0.4711
198605,3.5677,5.0112,3.3700,6.3179,5.4082,4.3092
198606,0.1277,1.4727,0.0318,1.1087,3.0311,-0.4529
198607,-9.4859,-6.9919,-10.1313,-6.4283,-3.6444,-7.4090
198608,3.8635,3.5903,2.4555,10.5564,7.4112,5.3276
198609,-4.9256,-5.5526,-7.3883,-4.1132,-9.3421,-9.0732
198610,3.6137,2.9062,3.6097,6.5518,5.8052,4.5381
198611,0.0843,0.3739,-0.4404,2.0941,2.3331,1.2254
198612,-2.9751,-1.7674,-2.9713,-3.1695,-2.2433,-3.3503
198701,11.8997,10.0925,11.9301,11.2637,13.4109,13.2873
198702,7.6731,6.8625,7.8065,1.9110,3.2280,6.8677
198703,4.6960,1.4104,1.1263,5.8882,1.5064,1.1097
198704,-1.8408,-2.9886,-3.4522,-0.3132,-2.0401,-1.0228
198705,0.5885,-0.0073,-0.1153,1.8531,0.5761,0.3061
198706,3.0389,2.8761,2.3774,5.2620,5.5619,3.7796
198707,5.2014,3.4258,2.3175,5.4939,3.5438,5.2140
198708,1.2076,3.7593,3.5835,3.8388,4.0982,4.5607
198709,-0.6849,-1.4230,-2.4466,-1.2420,-2.0792,-3.1214
198710,-29.7413,-26.3066,-32.0143,-21.3540,-20.1220,-23.5604
198711,-4.6720,-2.8687,-6.6928,-8.9822,-7.0639,-8.1627
198712,5.5849,6.8860,8.2065,6.3866,6.8105,8.6831
198801,5.7775,4.2646,3.2378,6.0460,4.0526,4.3939
198802,7.7650,8.4203,7.9986,5.4541,4.3208,5.1073
198803,4.4062,3.3739,3.1995,-0.7766,-3.2314,-3.1382
198804,3.2369,2.0688,0.8449,1.8551,0.6192,0.4527
198805,-1.6398,-1.6191,-2.2534,0.2712,1.0401,0.2868
198806,4.9352,7.5655,7.5312,1.8732,5.6203,6.3230
198807,0.0636,-0.3111,-2.0788,-0.6503,-0.3374,-1.5727
198808,-2.0155,-1.8858,-3.7911,-2.3284,-2.3806,-3.8436
198809,2.2632,3.4563,2.1972,3.5512,4.1476,4.7099
198810,-0.7857,-0.5799,-1.0664,3.6461,1.9473,1.9391
198811,-2.3955,-2.8010,-3.9402,-0.4938,-1.4988,-2.2384
198812,4.3251,3.0831,3.8135,1.3049,1.8034,2.5828
198901,5.1741,4.2088,4.7677,7.4094,6.2997,7.5914
198902,1.4724,1.2898,0.0887,-0.3561,-2.1893,-2.7358
198903,2.9209,2.9019,3.1093,2.9618,2.2411,1.4764
198904,3.9760,3.9161,4.7498,5.0153,5.2004,5.1969
198905,3.8196,3.6136,4.5025,4.0244,4.3178,3.8597
198906,-0.7729,-0.4896,-3.0073,-0.2055,-0.3105,-1.0062
198907,3.8548,3.6970,4.6210,8.5520,8.0794,8.8980
198908,1.9830,2.8867,2.6793,2.0194,1.7431,2.5472
198909,0.2779,0.1628,0.5665,0.9022,-0.5508,-0.5449
198910,-6.8604,-5.2196,-5.7692,-1.5636,-3.1687,-2.4316
198911,1.5758,0.2102,0.4375,2.7921,1.8723,1.1732
198912,-0.5758,0.3495,-0.1175,4.1086,1.7638,1.0298
199001,-7.0799,-7.6529,-9.8456,-7.0676,-7.0698,-7.1037
199002,2.3218,1.8785,3.9450,1.7752,1.4609,1.3799
199003,3.4377,3.2552,4.5053,2.0985,2.0441,2.9084
199004,-3.8181,-2.2458,-3.6482,-3.7109,-2.5280,-1.8799
199005,6.1019,6.1451,8.1163,8.5405,9.6227,9.7781
199006,1.3315,0.5789,0.3463,-1.7987,-0.4174,-0.0313
199007,-3.1306,-3.2360,-5.3624,1.6389,-0.7077,-2.5589
199008,-12.0791,-11.1826,-14.9228,-7.2407,-8.9300,-10.3800
199009,-8.4158,-7.8028,-10.5610,-3.0630,-4.0371,-8.1485
199010,-7.6045,-4.1983,-6.5979,-1.7428,0.6264,-2.2453
199011,4.7890,5.7957,9.4347,4.8497,6.2140,9.6300
199012,2.3097,4.2145,3.7441,2.2147,2.4513,4.7421
199101,8.9428,6.7755,9.5924,0.9829,4.1731,8.4776
199102,12.1386,10.0074,11.6698,6.6310,7.0829,7.7793
199103,7.1165,4.3484,7.8578,2.0590,2.7504,3.3010
199104,0.7071,1.1633,-0.0035,1.3362,-0.2094,0.4205
199105,4.1745,3.8292,4.4559,1.3806,3.9925,5.8183
199106,-5.1356,-2.3020,-5.1679,-3.7190,-4.5009,-5.0385
199107,2.9440,2.4416,4.6880,4.4674,4.1344,5.6085
199108,3.9841,3.1578,4.1352,3.0582,1.7066,3.5508
199109,0.0279,0.0851,1.2668,-0.7509,-0.9204,-1.9173
199110,2.3141,1.5633,3.2254,1.6896,1.6985,1.3831
199111,-4.3076,-4.1873,-5.1420,-3.3038,-5.0596,-2.2311
199112,7.4437,7.5462,9.3681,9.8182,9.3271,14.1669
199201,11.4238,7.7007,6.8231,0.6629,-2.1322,-1.2305
199202,4.4431,3.1462,1.9981,2.6649,1.3133,0.6052
199203,-1.7411,-1.2931,-4.7424,-1.8244,-1.8453,-2.4639
199204,-2.6404,-1.4817,-5.1158,2.7464,4.0828,0.4122
199205,1.2866,1.2739,-0.1623,0.3573,0.5345,0.8349
199206,-4.6399,-2.5689,-5.4118,-1.3391,-0.9671,-2.4573
199207,2.2650,3.5359,3.0357,3.3280,4.0438,4.4944
199208,-4.6408,-2.0424,-2.8951,-3.4578,-1.7907,-1.9155
199209,1.3978,1.5464,1.9201,1.1851,0.8681,2.0159
199210,2.6545,2.5979,3.7786,1.9346,-0.6570,2.6224
199211,7.4483,6.9681,8.9225,3.4113,2.8157,5.0949
199212,4.5076,3.6285,2.6304,1.5790,1.3645,1.8055
199301,5.1510,3.6359,2.2974,3.1256,0.7530,0.1045
199302,-0.8321,-0.0054,-4.6555,2.7966,2.4178,-1.6772
199303,2.8869,3.2480,2.1004,2.9972,2.6458,2.1351
199304,-2.9419,-3.1115,-2.8367,-1.3924,-1.8650,-4.2499
199305,4.9975,2.8137,6.0642,2.8948,2.0370,3.8920
199306,1.5605,1.4132,0.1104,0.5231,1.0091,-0.3534
199307,1.8731,1.7179,0.1061,0.4824,0.5004,-1.8564
199308,4.3494,3.4941,4.4657,4.1564,3.6411,3.9682
199309,2.5019,2.0636,3.3314,0.4455,-0.8937,0.0015
199310,3.8316,2.2907,3.1302,1.7903,1.4757,1.3668
199311,-3.2003,-2.8813,-2.8866,-1.9533,-1.7687,-0.2010
199312,2.8437,3.2172,3.3149,1.4434,1.9521,1.6629
199401,4.3341,2.2728,2.8413,4.1910,2.7332,2.9119
199402,-0.1712,-0.4057,-0.1534,-3.3085,-3.0907,-1.4533
199403,-4.5496,-4.2849,-6.6082,-4.0502,-4.0381,-4.7704
199404,0.2016,0.6160,-0.4768,1.9473,1.3729,0.3392
199405,-1.0792,-0.7448,-2.0119,1.8775,0.8193,1.6145
199406,-2.2535,-1.9928,-4.7026,-2.9081,-1.6912,-3.4665
199407,2.0241,1.7070,1.4779,3.4353,2.9413,3.7830
199408,5.1861,4.3447,7.0403,4.0394,3.6307,5.2246
199409,0.7767,0.0996,-0.2094,-2.0343,-1.7396,-3.1607
199410,-0.3939,-0.1917,0.0755,1.5683,1.9085,2.5658
199411,-3.8100,-3.6346,-3.6519,-4.4602,-3.0708,-3.5558
199412,1.3931,1.9162,0.7778,1.2950,1.4974,1.1867
199501,-0.2965,-0.3430,-0.5891,1.4988,2.7396,3.0877
199502,2.8783,3.6249,4.2048,4.8186,3.6164,4.2897
199503,1.7153,1.2883,2.9538,4.1708,2.1247,2.4771
199504,2.7264,2.9590,1.8416,2.9532,2.8423,2.1942
199505,1.8839,1.8387,1.2574,3.5258,3.5848,4.1353
199506,6.0282,3.8145,6.5667,0.8588,1.8874,5.0931
199507,5.9615,4.5214,7.1740,3.3472,3.0127,5.2866
199508,4.3071,2.8265,1.8249,1.2112,0.6757,0.7075
199509,2.5504,2.0287,1.6398,3.8760,4.2637,3.9956
199510,-5.6963,-3.9691,-5.6694,-0.8599,-0.2136,-0.6847
199511,3.4775,2.8146,3.9041,5.0278,5.6173,2.5948
199512,3.4357,2.2143,1.5095,3.1981,2.3155,-0.9225
199601,2.0925,0.3224,-0.8075,4.1080,2.9950,2.4098
199602,2.4829,2.8259,4.3779,0.9550,0.9632,2.8326
199603,1.1317,2.6754,2.9034,0.7615,1.1551,0.8893
199604,5.8159,4.0777,7.9147,1.4603,0.6232,3.4148
199605,6.7616,4.2348,5.2576,1.2613,2.1478,3.4316
199606,-4.1227,-2.8455,-4.8621,0.6076,0.4521,-1.0516
199607,-8.2959,-5.8673,-11.6243,-4.0515,-4.4948,-6.0884
199608,4.4330,4.7671,6.6357,1.4045,2.5969,4.1516
199609,3.4106,3.0976,4.2181,4.0314,4.8167,7.4782
199610,-0.6883,0.0136,-3.8505,3.0008,2.8760,0.2295
199611,2.8708,3.9771,2.9602,6.6779,7.0814,7.9605
199612,2.1968,2.1781,1.3346,-0.2282,-1.5664,-2.3371
199701,4.6130,2.6462,3.5579,5.1221,5.4894,6.3179
199702,0.0437,-0.4147,-4.6478,0.9163,1.4099,-1.3284
199703,-4.4646,-2.8793,-6.4633,-3.8884,-4.3841,-4.9562
199704,-1.8233,0.4448,-1.8555,3.5301,6.2478,5.6010
199705,10.1108,9.3385,13.5584,5.7632,5.8634,7.8326
199706,4.8933,5.8072,4.9331,4.2993,4.7158,3.3588
199707,4.8127,5.4896,5.4118,6.3366,6.9862,10.8558
199708,3.4911,3.0079,3.6184,-4.3106,-4.9518,-4.1029
199709,7.5376,7.4637,9.2895,5.5230,5.2544,5.6226
199710,-2.7887,-2.4887,-5.6608,-3.1604,-2.6078,-4.3087
199711,-0.9765,0.2906,-3.1972,4.9486,3.9855,3.7052
199712,-0.4813,1.8413,-0.7651,3.6225,2.6704,0.0000
199801,0.2856,-1.2441,-1.2144,-0.1050,0.0319,2.6307
199802,6.2598,7.2051,8.3910,5.3492,7.8343,8.3835
199803,5.4253,3.6364,5.1130,4.0709,5.9687,4.8394
199804,2.3211,1.7978,0.8537,-0.0120,1.2377,2.1851
199805,-4.2257,-3.7798,-6.7247,-1.1026,-1.6213,-3.5375
199806,-0.2941,-0.1311,1.3768,2.0864,3.3365,6.4658
199807,-6.6444,-6.2083,-8.4231,-1.5324,-1.6093,-1.2784
199808,-18.8641,-16.6302,-24.2535,-11.5879,-15.3721,-17.7505
199809,4.0797,4.8707,7.8058,7.2419,4.7534,9.2023
199810,3.5962,3.4140,4.1199,7.1911,8.7741,6.3124
199811,7.8674,5.4270,7.9260,6.3908,5.2053,8.1814
199812,4.2370,3.6404,6.1788,4.1588,6.6040,8.7340
199901,2.7794,-0.4249,4.8196,-0.6878,1.9483,10.1007
199902,-6.7560,-6.4510,-10.0879,-2.3895,-1.3270,-7.2228
199903,-0.1661,-1.1377,1.7373,4.4928,2.9890,4.7273
199904,8.9453,7.9232,10.9928,6.2318,3.7474,2.5139
199905,3.2631,3.6015,-0.4067,-0.8446,-1.6132,-3.5286
199906,6.5363,7.3161,6.5508,2.3636,4.4946,8.1653
199907,1.1509,-0.6903,-2.7178,-2.5638,-2.2209,-5.2316
199908,-2.1109,-2.6251,-5.0344,-2.8410,0.3289,-1.3513
199909,-0.2089,-0.5391,0.0087,-3.2418,-3.1971,-1.4710
199910,1.6740,-1.5409,-1.1354,4.3333,6.2782,8.8778
199911,10.5763,4.8820,10.6116,0.5374,2.7339,4.1913
199912,14.6662,7.6573,14.8890,0.9563,5.5523,12.4688
200001,4.2553,-1.6076,-1.3189,-2.1315,-4.6233,-5.6751
200002,28.2046,14.3130,18.7938,-6.0446,-1.4434,5.6189
200003,-12.0323,-5.0700,-6.6025,11.4633,8.4594,8.4351
200004,-10.2620,-3.2789,-14.1953,-1.8544,-0.2122,-9.1744
200005,-8.4769,-3.5441,-7.3310,-1.9472,-0.8351,-6.0253
200006,15.5378,8.9414,13.5480,-1.0903,1.6701,7.2412
200007,-2.7229,-0.1495,-4.4900,0.9004,-1.0471,-3.2906
200008,9.0054,5.2878,5.7311,8.4423,4.9823,9.2948
200009,-1.6673,-1.7562,-6.1174,-2.2197,-0.2813,-8.8416
200010,-5.2181,-1.0838,-7.8242,0.2518,0.8431,-4.5661
200011,-10.5166,-3.9782,-13.5455,-2.3107,-4.4202,-15.9831
200012,6.3561,7.4050,4.6264,5.2125,4.3698,-2.6967
200101,7.2360,5.8643,11.8887,1.1981,0.6950,6.9557
200102,-4.8697,-1.7557,-8.4645,-2.4931,-3.9575,-16.9249
200103,-4.0333,-0.9734,-6.1628,-4.2927,-5.2810,-9.6017
200104,6.7546,5.8979,8.4585,6.7517,5.7651,11.4322
200105,5.9210,4.1113,4.8201,2.0176,1.8128,-0.7848
200106,3.8577,5.2133,5.3536,-2.3218,-2.9660,-0.4816
200107,-3.9093,-1.1422,-8.5751,-1.8382,0.2738,-2.9802
200108,-1.3041,-1.0991,-6.9959,-2.2306,-3.4475,-9.5954
200109,-14.4870,-10.8406,-18.1686,-7.8061,-6.1406,-10.8271
200110,5.6333,3.5801,10.6224,0.3589,1.1137,4.0855
200111,7.5886,6.3214,10.0877,8.2654,6.2123,9.1253
200112,5.6420,6.1642,7.7535,2.1279,1.9099,0.5779
200201,0.9036,1.7457,-3.2616,0.1038,-1.3553,-1.3973
200202,-0.8414,-0.8307,-6.4981,-0.2987,0.5271,-4.8383
200203,9.2122,8.4243,8.5585,5.4877,2.8391,4.8206
200204,2.2237,4.3578,-2.2664,-2.2425,-3.6959,-8.4474
200205,-3.4528,-2.5380,-5.9633,0.5682,-0.4717,-1.9800
200206,-3.8821,-1.8187,-6.6168,-5.1237,-7.5755,-7.7167
200207,-17.0922,-12.0475,-15.8232,-8.1053,-7.2624,-7.1749
200208,-0.7364,0.2418,0.2455,-1.1058,1.7245,0.7151
200209,-9.4423,-6.3052,-7.3679,-12.4607,-9.8467,-9.9608
200210,4.8379,2.7460,4.5901,9.8159,7.3353,8.6044
200211,13.8684,6.9109,10.1668,10.3251,5.5790,3.7059
200212,-7.7404,-3.9512,-6.1058,-7.6416,-4.5567,-5.7021
200301,-2.0905,-1.8862,-2.2908,-1.9211,-2.6628,-3.1095
200302,-3.4067,-2.9916,-2.7195,-1.9848,-2.2278,-1.3112
200303,1.5885,1.6116,0.7626,-0.1958,0.6168,2.2445
200304,11.2790,9.7410,9.7133,8.8121,7.2939,8.4238
200305,14.5610,9.1244,12.2515,8.4854,5.4923,4.6551
200306,2.9742,2.7849,2.8822,0.5947,1.5463,1.4944
200307,8.6651,5.7089,5.9693,2.3252,1.9549,1.9717
200308,5.7706,4.1276,5.1647,4.5695,2.4402,0.8812
200309,0.3385,-1.0354,-2.3197,-2.4015,-1.2602,-0.5708
200310,9.6407,8.2858,8.7370,7.8400,5.6568,5.4369
200311,4.4286,3.7430,3.0598,2.5644,1.2943,0.5696
200312,2.3691,2.5896,1.7823,5.7103,4.3409,4.5960
200401,9.0066,3.2621,2.9551,3.0301,1.2135,2.4312
200402,-0.8976,1.3459,1.2897,1.2509,1.7099,1.4070
200403,-0.3147,0.5865,1.2913,-1.8819,-1.1872,-1.5256
200404,-6.7028,-3.3397,-2.7045,-2.4117,-1.7327,-0.7560
200405,0.6240,1.4932,0.9836,1.9924,0.7735,1.6133
200406,3.6714,4.4655,4.4036,1.8638,1.5308,1.7564
200407,-8.9618,-5.0169,-6.9737,-4.8454,-3.2487,-3.4794
200408,-1.6519,-0.7793,-0.7568,-1.0038,0.3087,0.8037
200409,3.9595,4.4472,5.9593,0.2204,1.5324,1.6562
200410,1.1486,2.3151,1.9496,2.4519,1.6142,0.8393
200411,8.9843,8.2559,8.6608,3.9093,4.1167,4.5978
200412,4.6686,2.7010,3.5445,3.1900,3.7236,3.5388
200501,-4.8459,-3.3463,-3.3193,-3.9485,-1.6970,-2.6581
200502,1.8670,1.7724,1.6221,1.5928,2.1963,2.2644
200503,-3.1059,-1.8445,-3.7224,-0.3021,-1.3201,-2.3748
200504,-7.2372,-5.1546,-5.9504,-1.9923,-2.2765,-1.5752
200505,6.9545,6.2387,6.3673,3.9567,3.1189,3.9936
200506,3.7527,3.0910,4.5172,0.2442,0.2972,0.5256
200507,6.4091,6.2024,7.1782,3.0396,4.2629,3.8397
200508,-0.9297,-1.3123,-1.8917,-0.9658,-0.8280,-0.7586
200509,0.7658,0.1687,0.7946,0.3910,0.3564,1.5780
200510,-3.6670,-2.4319,-3.4125,-2.8295,-1.8421,-0.5561
200511,4.6056,4.2444,5.2314,3.5769,2.8042,5.1291
200512,0.2682,-0.1941,-0.4534,-0.1051,0.0454,0.2145
200601,8.6950,7.8059,9.7919,2.9115,2.8030,2.5074
200602,1.1846,-0.6842,-1.1446,0.9759,0.4322,-0.6538
200603,4.6238,4.7861,4.9457,1.3131,1.1464,1.8782
200604,0.2235,0.4356,0.6042,1.2693,1.1034,1.1517
200605,-5.7941,-4.3733,-6.4340,-2.0247,-1.4112,-4.4481
200606,-0.5671,-0.0945,-0.1065,0.4327,-0.1361,0.2342
200607,-3.4503,-2.3757,-4.9817,-0.4978,0.8896,-0.6452
200608,3.3295,2.7815,2.5179,4.2061,2.2969,0.7466
200609,1.0156,1.3343,0.4905,3.1128,1.7030,2.7157
200610,6.2030,4.5726,5.9006,3.4116,3.5866,3.0668
200611,2.8642,2.4141,2.7796,1.3452,1.8977,3.0245
200612,1.0010,1.3579,0.0331,2.3567,1.7395,-0.4436
200701,3.1079,1.1714,1.5470,1.4610,1.8327,2.2192
200702,-0.1158,-0.5308,-0.1841,-2.5364,-1.5848,-1.1405
200703,1.5122,1.1527,1.0800,0.3816,0.9245,2.1576
200704,2.4925,1.5916,2.4781,5.3061,4.2392,3.2933
200705,3.3248,3.7763,4.4500,3.0015,3.3916,4.3960
200706,-1.1832,-0.3815,-1.5552,-1.4096,-2.2163,-1.1619
200707,-7.1406,-6.4904,-5.3823,-3.5604,-2.5950,-3.0041
200708,0.1684,1.7887,1.2222,1.5914,1.0678,1.6849
200709,-0.1589,0.0589,3.1132,2.0474,4.1134,4.6590
200710,1.9253,1.3827,2.7499,2.7128,1.9072,1.7662
200711,-8.2051,-6.5375,-7.3226,-4.4947,-3.3455,-4.6521
200712,-0.8055,-0.8386,-0.0106,-1.2242,-0.9271,0.1113
200801,-5.4036,-5.1483,-8.7822,-5.9305,-5.1695,-6.6817
200802,-4.7091,-3.3738,-3.3406,-3.9480,-1.8554,-3.3777
200803,0.1483,0.7577,-1.3912,-1.3755,-0.1961,-0.7783
200804,3.0204,3.1225,4.1775,2.6578,4.2682,6.6220
200805,4.5426,4.4533,5.4142,2.9046,1.0171,1.7545
200806,-7.9068,-9.6226,-6.3320,-8.2797,-8.2637,-8.4844
200807,4.5658,4.6992,1.5829,-0.9683,-1.8037,0.0351
200808,3.6660,4.9165,4.6139,2.8760,1.3356,0.6009
200809,-8.1440,-6.1733,-10.9123,-8.9147,-9.0066,-9.5529
200810,-21.2369,-18.6101,-21.9539,-15.5893,-16.3805,-17.6333
200811,-12.8295,-11.0987,-13.2967,-5.9461,-5.0672,-10.2512
200812,3.3761,4.2587,6.6264,1.5909,1.6131,1.3824
200901,-10.6790,-11.7268,-10.0855,-8.5255,-8.1483,-6.7976
200902,-12.2344,-11.3202,-11.8698,-9.3197,-11.4167,-8.4407
200903,10.0294,9.8173,10.4488,7.3484,7.7340,10.9368
200904,19.7736,15.3704,16.9460,9.0195,8.2185,10.8460
200905,2.7299,1.8307,4.9459,5.0561,3.9107,6.8141
200906,1.7480,2.2236,3.6149,1.4275,-0.4603,0.3051
200907,13.1345,9.9615,8.1408,8.3314,7.4342,7.1572
200908,7.9133,3.2643,2.3078,4.1490,2.8693,3.1637
200909,8.4618,5.0982,6.2520,3.2658,3.5000,4.8049
200910,-9.5829,-6.3529,-6.9576,-1.9124,-2.1513,-1.5837
200911,2.9480,2.7241,2.6669,5.1476,6.5117,5.4235
200912,9.9147,8.1322,7.3906,1.1493,1.8245,3.8509
201001,-2.5172,-3.3522,-3.3054,-4.5957,-1.7582,-4.8252
201002,6.4576,4.7044,4.0042,3.7980,2.9308,3.4171
201003,9.8393,7.9766,6.9587,6.9259,5.3753,6.3311
201004,8.0568,6.4176,5.0716,2.2582,0.9582,1.7452
201005,-9.7460,-6.7912,-7.6322,-7.2596,-7.2514,-8.9024
201006,-9.7395,-8.2881,-6.7550,-6.8421,-3.3829,-6.6700
201007,7.9648,8.0129,4.8776,7.1966,7.6318,6.2349
201008,-8.8064,-6.8375,-7.8287,-5.7512,-5.0663,-3.5244
201009,14.5430,11.7962,12.3242,8.3389,8.9540,9.8070
201010,4.1079,3.3865,4.9127,3.6099,4.1849,3.5736
201011,4.8412,4.0557,2.5017,0.6841,1.0822,-0.5473
201012,10.3241,8.2092,6.9649,8.6363,6.8780,5.6581
201101,0.9028,-0.7888,-0.0013,2.2621,3.0010,1.5416
201102,6.4997,5.0862,4.6614,3.2564,3.4712,3.4067
201103,2.5727,2.9059,2.6929,0.1116,0.5790,0.1313
201104,1.6710,2.0150,3.3645,2.9465,3.1639,2.9751
201105,-3.1778,-1.9624,-1.5118,-1.8358,-1.4522,-0.6384
201106,-2.9410,-0.9712,-1.5859,-2.9863,-1.4238,-1.5089
201107,-3.9886,-3.6827,-4.0086,-4.0774,-2.8759,-0.6011
201108,-10.6703,-8.0019,-9.3914,-5.0073,-5.7436,-5.7592
201109,-12.0938,-10.5022,-11.0381,-5.8203,-7.9540,-7.1851
201110,14.8573,15.4275,14.1997,9.2816,11.5539,11.3903
201111,-0.0665,-0.0837,-2.1151,0.3143,0.0131,-0.5157
201112,1.3591,0.4542,-0.2945,2.7420,1.1751,-0.5493
201201,7.5612,6.0050,7.6202,2.8962,4.8618,5.8054
201202,3.6800,2.9396,2.4947,4.0260,3.8667,5.3654
201203,3.3940,2.6433,2.3825,3.3021,3.2311,2.9226
201204,-1.1988,-1.4181,-1.6597,0.2071,-1.2788,-0.6487
201205,-6.3211,-5.6762,-7.3371,-3.6649,-5.9492,-7.3758
201206,5.6054,3.8872,5.4973,4.3619,3.7304,3.5787
201207,-2.4674,-0.9685,-2.4133,1.1130,0.9808,1.0414
201208,3.4431,2.7977,3.6377,2.5409,1.4518,4.0744
201209,3.8748,3.8896,3.1193,3.9797,2.8294,1.6130
201210,-1.8623,-1.1169,-3.0914,-0.1573,-0.7899,-3.9741
201211,1.9893,0.8492,0.3690,1.1218,0.3539,1.1231
201212,3.6552,3.4630,3.1798,1.7953,0.9102,0.6617
201301,6.8588,5.6101,6.3626,6.6384,5.9413,4.1004
201302,1.0160,1.6586,0.9264,1.7154,1.6182,0.5839
201303,5.0818,4.9418,4.5170,4.8743,4.4544,2.6181
201304,-0.1059,-0.2144,-0.9595,1.7631,1.6477,1.7581
201305,5.3150,4.6158,5.9558,2.3152,2.1815,3.5830
201306,-0.1482,0.4146,0.4188,-1.6797,-0.7741,-2.1326
201307,8.8692,7.0159,6.5771,4.9139,5.3707,6.0759
201308,-3.6842,-3.4787,-1.6849,-3.1136,-3.9067,-0.7823
201309,5.7962,5.6844,6.9718,2.8828,3.2972,4.3520
201310,2.7870,3.3075,1.4554,4.9541,3.9072,4.5067
201311,4.7456,4.5594,4.1031,2.7450,2.9536,3.2609
201312,2.8131,1.8188,2.5827,2.8484,2.4204,2.9194
201401,-2.5734,-3.5040,-1.8366,-4.8268,-3.3337,-2.4910
201402,4.7840,3.9771,5.3003,4.5592,4.4117,5.1197
201403,-0.5229,0.9822,-1.9583,0.9849,2.0801,-1.4220
201404,-4.4937,-3.0478,-4.5259,1.3333,0.4501,-0.4898
201405,0.1466,1.2042,-0.3293,1.1674,1.7115,3.5662
201406,5.5689,4.0141,7.2090,1.2068,1.8835,3.3910
201407,-4.6057,-5.7915,-7.4545,-2.4039,-1.9249,-0.5727
201408,4.5209,4.2874,4.9720,3.9992,3.8570,4.9288
201409,-6.3693,-5.0896,-5.0822,-1.5379,-1.7236,-1.6353
201410,5.2208,6.5189,5.4825,2.7674,2.1384,2.0898
201411,0.1793,0.6136,0.1310,3.3778,2.1923,3.1450
201412,2.3060,2.9066,3.0545,0.5976,0.2622,-1.9536
201501,-4.5567,-4.5168,-3.8388,-4.0327,-3.3926,-1.4648
201502,5.9938,5.5815,8.0638,6.0224,5.3189,7.4589
201503,1.1422,1.6627,2.1573,-1.4812,-1.4441,-1.2541
201504,-2.5137,-2.0503,-1.9658,0.7300,0.6253,1.4195
201505,1.6744,1.5625,3.4991,1.4275,1.2119,1.2584
201506,-0.1065,0.7402,2.2501,-2.2022,-1.7443,-1.4693
201507,-4.9415,-2.3805,-1.9429,1.1941,1.8147,3.0810
201508,-4.8681,-5.0070,-7.3963,-5.8972,-6.1358,-5.9531
201509,-8.6016,-3.2540,-6.7991,-2.8073,-2.3896,-3.4395
201510,6.4852,6.2068,5.1306,9.2481,6.4070,9.3765
201511,3.2468,3.8619,4.4396,0.2333,0.0920,1.1513
201512,-5.8511,-4.9451,-5.1223,-1.7874,-1.6789,-2.7660
201601,-9.1750,-7.3767,-12.0354,-4.5846,-4.9200,-7.8295
201602,0.8609,0.5425,-0.1046,0.6345,0.6969,-2.2885
201603,8.7512,7.4379,8.1452,7.1126,6.3367,7.6972
201604,3.2331,1.8118,2.4862,1.2710,1.5700,-1.5172
201605,0.0487,1.7182,1.6117,0.6002,1.3599,4.1163
201606,-0.9864,0.4600,-0.1792,1.5892,0.2951,-3.0083
201607,6.3781,5.3413,6.8434,3.3293,2.9742,5.1850
201608,2.5935,1.7718,2.8646,-0.1100,0.5755,0.3482
201609,2.9912,1.4754,2.0351,0.2150,-0.6239,1.1088
201610,-6.6180,-3.6179,-6.6911,-1.6729,-1.4077,-2.1007
201611,14.1132,12.7730,10.7928,6.0477,5.4731,1.9560
201612,0.8835,3.5832,2.1746,1.6957,2.4413,1.0486
201701,1.6734,-0.6494,0.8075,1.0382,1.1003,4.0285
201702,-0.6875,1.3743,2.4809,3.4584,3.8914,3.8932
201703,0.2713,0.6926,0.5341,-0.4999,-0.2772,1.1442
201704,0.1147,1.7872,1.1880,0.0821,0.7921,2.2033
201705,-2.6817,-2.1646,-2.0431,-0.3073,1.3335,2.3836
201706,3.2966,2.6595,4.9865,1.5807,0.9130,-0.1892
201707,0.8187,0.0899,0.7952,2.5889,1.0501,2.9127
201708,-2.7104,-1.4529,-1.1471,-1.1033,-0.5819,2.0846
201709,8.3490,6.8503,7.6721,3.3600,3.2268,0.7697
201710,-1.0324,0.5040,1.0525,0.5135,1.1639,4.7165
201711,1.6723,3.2489,3.3426,3.7494,4.0875,2.2808
201712,2.0279,-0.7359,-0.1788,1.9846,1.4825,0.6153
201801,3.4181,1.9172,2.8488,4.9810,4.6464,7.6461
201802,-3.6924,-3.7235,-3.3503,-6.1298,-4.2258,-1.7469
201803,0.4533,1.0647,1.6053,-1.5159,-2.3653,-2.8346
201804,2.5416,1.3735,1.3715,1.7454,-0.2775,0.4440
201805,7.9487,5.9073,6.9362,0.6140,1.0288,4.6000
201806,1.0763,1.1528,1.0383,0.8991,0.4665,0.5346
201807,1.2928,2.2426,0.9518,3.7272,3.6064,3.4565
201808,3.8423,4.1053,4.0517,1.4219,1.8237,6.3464
201809,-1.6092,-1.9388,-2.8647,1.3592,0.3869,-0.1136
201810,-10.3122,-10.2305,-13.2709,-4.6768,-6.3158,-8.9187
201811,0.5061,1.6613,1.3167,2.3113,2.9011,0.7013
201812,-12.6920,-11.4289,-12.5076,-8.6503,-9.3608,-9.3108
201901,11.5497,9.9015,12.2840,6.5793,8.3905,9.1409
201902,3.6072,4.2974,6.9435,3.3383,3.9955,3.0844
201903,-1.6654,-3.4263,-2.3347,0.7193,0.2007,3.1879
201904,1.3580,4.4815,2.8649,2.1623,4.4233,5.0208
201905,-8.1111,-7.5194,-8.9138,-4.8532,-6.3726,-7.5628
201906,7.0256,7.3785,7.5677,7.0097,6.8286,7.3042
201907,-0.0955,1.0073,-1.1537,1.7574,0.9931,2.0806
201908,-6.5433,-5.7784,-5.1872,-2.3066,-1.9232,-2.4287
201909,3.3710,3.7057,0.3466,3.0945,2.4227,-0.6504
201910,1.3995,2.4242,3.0520,2.1535,2.1040,2.5563
201911,4.1165,3.7488,5.3917,3.7744,3.4344,4.7826
201912,4.3732,3.2999,4.2030,4.1183,2.6644,1.9132
202001,-4.8789,-5.6608,-3.0147,-0.6414,-0.3266,1.8817
202002,-9.3268,-9.3398,-6.7394,-8.9908,-8.6770,-6.5246
202003,-21.6638,-22.4440,-22.6469,-10.9424,-14.1029,-12.3449
202004,17.4111,13.4072,16.5209,12.7541,12.1856,15.6935
202005,5.9489,4.0634,9.7311,4.2825,4.8396,6.8148
202006,5.4472,2.4375,4.2638,2.8464,1.3205,2.9376
202007,4.1747,1.6316,1.6686,7.4166,3.4250,7.9864
202008,4.8297,4.8797,7.4906,8.8656,5.5561,9.2163
202009,-4.8233,-4.6946,-1.7477,-4.9536,-2.4669,-4.1610
202010,2.0398,4.8165,1.5306,-3.3067,-2.3881,-1.6542
202011,23.4492,16.5691,20.5636,11.6771,11.9088,12.0034
202012,9.4594,8.9260,10.7012,5.6343,3.5552,4.5092
202101,13.1871,3.2143,5.4577,1.4344,-1.4105,-0.7774
202102,5.9609,11.2722,7.2064,-0.2918,4.4118,2.4391
202103,3.3281,4.4482,-0.0873,4.9341,5.0727,1.3029
202104,0.0515,2.8086,2.1589,3.7328,4.4517,7.0589
202105,3.9563,2.9791,-0.7244,0.2464,1.6444,-1.0865
202106,2.5426,-1.4268,3.3001,2.8629,1.0687,3.9685
202107,-5.5864,-1.9087,-4.5349,1.4141,2.1246,1.5350
202108,1.1142,2.2393,2.4412,1.9855,2.0753,4.0968
202109,-0.6470,-3.1642,-3.9069,-3.8901,-4.4693,-4.6304
202110,3.4945,4.0605,2.6529,4.4489,6.1117,8.3621
202111,-5.1394,-2.1940,-5.1993,1.8985,-2.5270,-1.4476
202112,2.5282,5.9678,0.3242,6.5397,6.2133,0.1556
202201,-5.3230,-6.4279,-11.6690,-0.5637,-3.5177,-9.6704
202202,4.0566,0.4416,-0.3862,-2.0574,-1.3317,-3.6782
202203,3.6264,0.7232,-0.5113,4.9054,3.3147,2.6256
202204,-7.5389,-7.8800,-11.8201,-5.9729,-6.1523,-13.5389
202205,2.2265,2.6460,-2.7880,1.3673,0.1951,-1.5132
202206,-11.7150,-7.2922,-4.7536,-9.9578,-7.8740,-7.7634
202207,9.9763,8.6110,13.5224,5.0083,8.7784,15.1531
202208,-1.0713,-2.1343,-0.7947,-2.1491,-3.6317,-5.0734
202209,-10.9917,-9.3477,-9.4473,-8.9997,-9.1183,-8.9996
202210,11.6660,11.9344,8.1956,12.8624,8.4024,3.4661
202211,3.1342,3.4630,-0.2876,6.1486,5.7190,3.2623
202212,-4.5272,-5.8355,-7.4617,-3.4705,-5.6638,-9.1025
202301,12.1496,8.8508,12.4958,3.2040,5.9884,11.7254
202302,-3.5231,-0.5567,-1.9337,-2.9092,-2.3161,-1.4744
202303,-5.7362,-5.0423,-4.5838,-0.0136,4.6107,3.0432
202304,-0.0987,-3.4232,-2.1803,1.2940,2.6053,-2.3242
202305,-2.5927,-1.8679,2.1393,-4.0950,0.4114,5.3314
202306,6.8748,8.2353,7.7136,6.2344,6.3345,8.4709
202307,7.6693,6.7645,6.6346,3.7975,3.3293,3.5169
202308,-9.0954,-4.9043,-4.5885,-2.1867,-1.3566,-1.8769
202309,-7.7781,-5.2836,-5.9295,-4.3945,-4.8808,-4.6937
202310,-8.1397,-4.5117,-7.9493,-3.1363,-2.5755,-1.9443
202311,10.9882,8.2112,9.0105,7.3514,8.5039,11.4886
202312,15.4138,10.7253,14.4007,6.4662,4.2094,4.8932
202401,-4.5496,-4.9303,-4.4147,1.1965,0.4759,2.9979
202402,6.2120,2.5425,5.3055,4.1557,2.9356,9.3968
202403,2.9709,2.5742,2.3451,4.7430,2.8657,3.0796
202404,-8.1587,-5.7139,-7.0301,-4.8729,-2.5900,-5.3724
202405,3.6508,4.8095,5.9705,3.3744,3.7276,6.7511
202406,-2.2208,-1.4487,-1.5352,2.6690,1.8786,5.5843
202407,9.9203,10.5876,9.9427,0.1957,3.9033,-0.3856
202408,-1.0274,-1.4810,-1.9987,2.5566,2.5381,1.8910
202409,1.0725,0.6075,0.9558,1.9595,1.7280,2.6638
202410,-2.0051,-0.4103,-0.0349,2.5637,-1.1935,-1.3687
202411,10.8741,11.4281,12.5202,5.1095,6.3598,7.5566
202412,-7.2422,-7.2085,-7.9892,-5.0141,-2.3445,-1.8472
202501,1.7354,3.7088,1.9475,-0.8446,2.3951,5.4234
202502,-7.5498,-4.8337,-6.3313,2.3973,-0.1113,-4.9428
202503,-8.4596,-5.9215,-7.9287,-7.0349,-4.7782,-6.6161
202504,-3.5902,-3.0363,-1.2465,-1.8052,-1.7205,1.1857
202505,6.1089,5.2811,4.8341,10.9157,3.6060,7.1767
202506,6.0263,4.5892,6.0795,7.8639,4.2238,4.9280
202507,1.3561,0.8005,2.5791,0.7810,0.7853,3.6934
202508,8.5853,8.3044,6.2903,2.6250,3.8141,0.7582
202509,1.7515,-0.1649,2.8426,1.2317,3.4018,4.5736
202510,0.1526,-1.1594,3.7978,-1.0086,1.7138,3.4062
202511,0.8422,2.7159,2.3242,1.9683,1.1892,-0.8788
202512,-0.3110,1.3517,0.1572,0.8909,0.2073,-0.3108


,,,,,,
,,,,,,
,,,,,,
,,,,,,
,,,,,,
,,,,,,
,,,,,,
,,,,,,
,,,,,,
,,,,,,
,,,,,,
,,,,,,
,,,,,,
,,,,,,
,,,,,,
,,,,,,
,,,,,,
,,,,,,
,,,,,,
,,,,,,
,,,,,,
,,,,,,
,,,,,,
,,,,,,
,,,,,,
,,,,,,
,,,,,,
,,,,,,
,,,,,,
,,,,,,
,,,,,,
,,,,,,
,,,,,,
,,,,,,
,,,,,,
,,,,,,
,,,,,,
,,,,,,
,,,,,,
,,,,,,
,,,,,,
,,,,,,
,,,,,,
,,,,,,
,,,,,,
,,,,,,
,,,,,,
,,,,,,
,,,,,,
,,,,,,
,,,,,,
,,,,,,
,,,,,,
,,,,,,
,,,,,,
,,,,,,
,,,,,,
,,,,,,
,,,,,,
,,,,,,
,,,,,,
,,,,,,
,,,,,,
,,,,,,
,,,,,,
,,,,,,
,,,,,,
,,,,,,
,,,,,,
,,,,,,
,,,,,,
,,,,,,
,,,,,,
,,,,,,
,,,,,,
,,,,,,
,,,,,,
,,,,,,
,,,,,,
,,,,,,
,,,,,,
,,,,,,
,,,,,,
,,,,,,
,,,,,,
,,,,,,
,,,,,,
,,,,,,
,,,,,,
,,,,,,
,,,,,,
,,,,,,
,,,,,,
,,,,,,
,,,,,,
,,,,,,
,,,,,,
,,,,,,
,,,,,,
,,,,,,
,,,,,,
,,,,,,
,,,,,,
,,,,,,
,,,,,,
,,,,,,
,,,,,,
,,,,,,
,,,,,,
,,,,,,
,,,,,,
,,,,,,
,,,,,,
,,,,,,
,,,,,,
,,,,,,
,,,,,,
,,,,,,
,,,,,,
,,,,,,
,,,,,,
,,,,,,
,,,,,,
,,,,,,
,,,,,,
,,,,,,
,,,,,,
,,,,,,
,,,,,,
,,,,,,
,,,,,,
,,,,,,
,,,,,,
,,,,,,
,,,,,,
,,,,,,
,,,,,,
,,,,,,
,,,,,,
,,,,,,
,,,,,,
,,,,,,
,,,,,,
,,,,,,
,,,,,,
,,,,,,
,,,,,,
,,,,,,
,,,,,,
,,,,,,
,,,,,,
,,,,,,
,,,,,,
,,,,,,
,,,,,,
,,,,,,
,,,,,,
,,,,,,
,,,,,,
,,,,,,
,,,,,,
,,,,,,
,,,,,,
,,,,,,
,,,,,,
,,,,,,
,,,,,,
,,,,,,
,,,,,,
,,,,,,
,,,,,,
,,,,,,
,,,,,,
,,,,,,
,,,,,,
,,,,,,
,,,,,,
,,,,,,
,,,,,,
,,,,,,
,,,,,,
,,,,,,
,,,,,,
,,,,,,
,,,,,,
,,,,,,
,,,,,,
,,,,,,
,,,,,,
,,,,,,
,,,,,,
,,,,,,
,,,,,,
,,,,,,
,,,,,,
,,,,,,
,,,,,,
,,,,,,
,,,,,,
,,,,,,
,,,,,,
,,,,,,
,,,,,,
,,,,,,
,,,,,,
,,,,,,
,,,,,,
,,,,,,
,,,,,,
,,,,,,
,,,,,,
,,,,,,
,,,,,,
,,,,,,
,,,,,,
,,,,,,
,,,,,,
,,,,,,
,,,,,,
,,,,,,
,,,,,,
,,,,,,
,,,,,,
,,,,,,
,,,,,,
,,,,,,
,,,,,,
,,,,,,
,,,,,,
,,,,,,
,,,,,,
,,,,,,
,,,,,,
,,,,,,
,,,,,,
,,,,,,
,,,,,,
,,,,,,
,,,,,,
,,,,,,
,,,,,,
,,,,,,
,,,,,,
,,,,,,
,,,,,,
,,,,,,
,,,,,,
,,,,,,
,,,,,,
,,,,,,
,,,,,,
,,,,,,
,,,,,,
,,,,,,
,,,,,,
,,,,,,
,,,,,,
,,,,,,
,,,,,,
,,,,,,
,,,,,,
,,,,,,
,,,,,,
,,,,,,
,,,,,,
,,,,,,
,,,,,,
,,,,,,
,,,,,,
,,,,,,
,,,,,,
,,,,,,
,,,,,,
,,,,,,
,,,,,,
,,,,,,
,,,,,,
,,,,,,
,,,,,,
,,,,,,
,,,,,,
,,,,,,
,,,,,,
,,,,,,
,,,,,,
,,,,,,
,,,,,,
,,,,,,
,,,,,,
,,,,,,
,,,,,,
,,,,,,
,,,,,,
,,,,,,
,,,,,,
,,,,,,
,,,,,,
,,,,,,
,,,,,,
,,,,,,
,,,,,,
,,,,,,
,,,,,,
,,,,,,
,,,,,,
,,,,,,
,,,,,,
,,,,,,
,,,,,,
,,,,,,
,,,,,,
,,,,,,
,,,,,,
,,,,,,
,,,,,,
,,,,,,
,,,,,,
,,,,,,
,,,,,,
,,,,,,
,,,,,,
,,,,,,
,,,,,,
,,,,,,
,,,,,,
,,,,,,
,,,,,,
,,,,,,
,,,,,,
,,,,,,
,,,,,,
,,,,,,
,,,,,,
,,,,,,
,,,,,,
,,,,,,
,,,,,,
,,,,,,
,,,,,,
,,,,,,
,,,,,,
,,,,,,
,,,,,,
,,,,,,
,,,,,,
,,,,,,
,,,,,,
,,,,,,
,,,,,,
,,,,,,
,,,,,,
,,,,,,
,,,,,,
,,,,,,
,,,,,,
,,,,,,
,,,,,,
,,,,,,
,,,,,,
,,,,,,
,,,,,,
,,,,,,
,,,,,,
,,,,,,
,,,,,,
,,,,,,
,,,,,,
,,,,,,
,,,,,,
,,,,,,
,,,,,,
,,,,,,
,,,,,,
,,,,,,
,,,,,,
,,,,,,
,,,,,,
,,,,,,
,,,,,,
,,,,,,
,,,,,,
,,,,,,
,,,,,,
,,,,,,
,,,,,,
,,,,,,
,,,,,,
,,,,,,
,,,,,,
,,,,,,
,,,,,,
,,,,,,
,,,,,,
,,,,,,
,,,,,,
,,,,,,
,,,,,,
,,,,,,
,,,,,,
,,,,,,
,,,,,,
,,,,,,
,,,,,,
,,,,,,
,,,,,,
,,,,,,
,,,,,,
,,,,,,
,,,,,,
,,,,,,
,,,,,,
,,,,,,
,,,,,,
,,,,,,
,,,,,,
,,,,,,
,,,,,,
,,,,,,
,,,,,,
,,,,,,
,,,,,,
,,,,,,
,,,,,,
,,,,,,
,,,,,,
,,,,,,
,,,,,,
,,,,,,
,,,,,,
,,,,,,
,,,,,,
,,,,,,
,,,,,,
,,,,,,
,,,,,,
,,,,,,
,,,,,,
,,,,,,
,,,,,,
,,,,,,
,,,,,,
,,,,,,
,,,,,,
,,,,,,
,,,,,,
,,,,,,
,,,,,,
,,,,,,
,,,,,,
,,,,,,
,,,,,,
,,,,,,
,,,,,,
,,,,,,
,,,,,,
,,,,,,
,,,,,,
,,,,,,
,,,,,,
,,,,,,
,,,,,,
,,,,,,
,,,,,,
,,,,,,
,,,,,,
,,,,,,
,,,,,,
,,,,,,
,,,,,,
,,,,,,
,,,,,,
,,,,,,
,,,,,,
,,,,,,
,,,,,,
,,,,,,
,,,,,,
,,,,,,
,,,,,,
,,,,,,
,,,,,,
,,,,,,
,,,,,,
,,,,,,
,,,,,,
,,,,,,
,,,,,,
,,,,,,
,,,,,,
,,,,,,
,,,,,,
,,,,,,
,,,,,,
,,,,,,
,,,,,,
,,,,,,
,,,,,,
,,,,,,
,,,,,,
,,,,,,
,,,,,,
,,,,,,
,,,,,,
,,,,,,
,,,,,,
,,,,,,
,,,,,,
,,,,,,
,,,,,,
,,,,,,
,,,,,,
,,,,,,
,,,,,,
,,,,,,
,,,,,,
,,,,,,
,,,,,,
,,,,,,
,,,,,,
,,,,,,
,,,,,,
,,,,,,
,,,,,,
,,,,,,
,,,,,,
,,,,,,
,,,,,,
,,,,,,
,,,,,,
,,,,,,
,,,,,,
,,,,,,
,,,,,,
,,,,,,
,,,,,,
,,,,,,
,,,,,,
,,,,,,
,,,,,,
,,,,,,
,,,,,,
,,,,,,
,,,,,,
,,,,,,
,,,,,,
,,,,,,
,,,,,,
,,,,,,
,,,,,,
,,,,,,
,,,,,,
,,,,,,
,,,,,,
,,,,,,
,,,,,,
,,,,,,
,,,,,,
,,,,,,
,,,,,,
,,,,,,
,,,,,,
,,,,,,
,,,,,,
,,,,,,
,,,,,,
,,,,,,
,,,,,,
,,,,,,
,,,,,,
,,,,,,
,,,,,,
,,,,,,
,,,,,,
,,,,,,
,,,,,,
,,,,,,
,,,,,,
,,,,,,
,,,,,,
,,,,,,
,,,,,,
,,,,,,
,,,,,,
,,,,,,
,,,,,,
,,,,,,
,,,,,,
,,,,,,
,,,,,,
,,,,,,
,,,,,,
,,,,,,
,,,,,,
,,,,,,
,,,,,,
,,,,,,
,,,,,,
,,,,,,
,,,,,,
,,,,,,
,,,,,,
,,,,,,
,,,,,,
,,,,,,
,,,,,,
,,,,,,
,,,,,,
,,,,,,
,,,,,,
,,,,,,
,,,,,,
,,,,,,
,,,,,,
,,,,,,
,,,,,,
,,,,,,
,,,,,,
,,,,,,
,,,,,,
,,,,,,
,,,,,,
,,,,,,
,,,,,,
,,,,,,
,,,,,,
,,,,,,
,,,,,,
,,,,,,
,,,,,,
,,,,,,
,,,,,,
,,,,,,
,,,,,,
,,,,,,
,,,,,,
,,,,,,
,,,,,,
,,,,,,
,,,,,,
,,,,,,
,,,,,,
,,,,,,
,,,,,,
,,,,,,
,,,,,,
,,,,,,
,,,,,,
,,,,,,
,,,,,,
,,,,,,
,,,,,,
,,,,,,
,,,,,,
,,,,,,
,,,,,,
,,,,,,
,,,,,,
,,,,,,
,,,,,,
,,,,,,
,,,,,,
,,,,,,
,,,,,,
,,,,,,
,,,,,,
,,,,,,
,,,,,,
,,,,,,
,,,,,,
,,,,,,
,,,,,,
,,,,,,
,,,,,,
,,,,,,
,,,,,,
,,,,,,
,,,,,,
,,,,,,
,,,,,,
,,,,,,
,,,,,,
,,,,,,
,,,,,,
,,,,,,
,,,,,,
,,,,,,
,,,,,,
,,,,,,
,,,,,,
,,,,,,
,,,,,,
,,,,,,
,,,,,,
,,,,,,
,,,,,,
,,,,,,
,,,,,,
,,,,,,
,,,,,,
,,,,,,
,,,,,,
,,,,,,
,,,,,,
,,,,,,
,,,,,,
,,,,,,
,,,,,,
,,,,,,
,,,,,,
,,,,,,
,,,,,,
,,,,,,
,,,,,,
,,,,,,
,,,,,,
,,,,,,
,,,,,,
,,,,,,
,,,,,,
,,,,,,
,,,,,,
,,,,,,
,,,,,,
,,,,,,
,,,,,,
,,,,,,
,,,,,,
,,,,,,
,,,,,,
,,,,,,
,,,,,,
,,,,,,
,,,,,,
,,,,,,
,,,,,,
,,,,,,
,,,,,,
,,,,,,
,,,,,,
,,,,,,
,,,,,,
,,,,,,
,,,,,,
,,,,,,
,,,,,,
,,,,,,
,,,,,,
,,,,,,
,,,,,,
,,,,,,
,,,,,,
,,,,,,


,,,,,,
,,,,,,
,,,,,,
,,,,,,
,,,,,,
,,,,,,
,,,,,,
,,,,,,
,,,,,,
,,,,,,
,,,,,,
,,,,,,
,,,,,,
,,,,,,
,,,,,,
,,,,,,
,,,,,,
,,,,,,
,,,,,,
,,,,,,
,,,,,,
,,,,,,
,,,,,,
,,,,,,
,,,,,,
,,,,,,
,,,,,,
,,,,,,
,,,,,,
,,,,,,
,,,,,,
,,,,,,
,,,,,,
,,,,,,
,,,,,,
,,,,,,
,,,,,,
,,,,,,
,,,,,,
,,,,,,
,,,,,,
,,,,,,
,,,,,,
,,,,,,
,,,,,,
,,,,,,
,,,,,,
,,,,,,
,,,,,,
,,,,,,
,,,,,,
,,,,,,
,,,,,,
,,,,,,
,,,,,,
,,,,,,
,,,,,,
,,,,,,
,,,,,,
,,,,,,
,,,,,,
,,,,,,
,,,,,,
,,,,,,


,,,,,,
,,,,,,
,,,,,,
,,,,,,
,,,,,,
,,,,,,
,,,,,,
,,,,,,
,,,,,,
,,,,,,
,,,,,,
,,,,,,
,,,,,,
,,,,,,
,,,,,,
,,,,,,
,,,,,,
,,,,,,
,,,,,,
,,,,,,
,,,,,,
,,,,,,
,,,,,,
,,,,,,
,,,,,,
,,,,,,
,,,,,,
,,,,,,
,,,,,,
,,,,,,
,,,,,,
,,,,,,
,,,,,,
,,,,,,
,,,,,,
,,,,,,
,,,,,,
,,,,,,
,,,,,,
,,,,,,
,,,,,,
,,,,,,
,,,,,,
,,,,,,
,,,,,,
,,,,,,
,,,,,,
,,,,,,
,,,,,,
,,,,,,
,,,,,,
,,,,,,
,,,,,,
,,,,,,
,,,,,,
,,,,,,
,,,,,,
,,,,,,
,,,,,,
,,,,,,
,,,,,,
,,,,,,
,,,,,,
,,,,,,


,,,,,,
,,,,,,
,,,,,,
,,,,,,
,,,,,,
,,,,,,
,,,,,,
,,,,,,
,,,,,,
,,,,,,
,,,,,,
,,,,,,
,,,,,,
,,,,,,
,,,,,,
,,,,,,
,,,,,,
,,,,,,
,,,,,,
,,,,,,
,,,,,,
,,,,,,
,,,,,,
,,,,,,
,,,,,,
,,,,,,
,,,,,,
,,,,,,
,,,,,,
,,,,,,
,,,,,,
,,,,,,
,,,,,,
,,,,,,
,,,,,,
,,,,,,
,,,,,,
,,,,,,
,,,,,,
,,,,,,
,,,,,,
,,,,,,
,,,,,,
,,,,,,
,,,,,,
,,,,,,
,,,,,,
,,,,,,
,,,,,,
,,,,,,
,,,,,,
,,,,,,
,,,,,,
,,,,,,
,,,,,,
,,,,,,
,,,,,,
,,,,,,
,,,,,,
,,,,,,
,,,,,,
,,,,,,
,,,,,,
,,,,,,
,,,,,,
,,,,,,
,,,,,,
,,,,,,
,,,,,,
,,,,,,
,,,,,,
,,,,,,
,,,,,,
,,,,,,
,,,,,,
,,,,,,
,,,,,,
,,,,,,
,,,,,,
,,,,,,
,,,,,,
,,,,,,
,,,,,,
,,,,,,
,,,,,,
,,,,,,
,,,,,,
,,,,,,
,,,,,,
,,,,,,
,,,,,,
,,,,,,
,,,,,,
,,,,,,
,,,,,,
,,,,,,
,,,,,,
,,,,,,
,,,,,,
,,,,,,
,,,,,,
,,,,,,
,,,,,,
,,,,,,
,,,,,,
,,,,,,
,,,,,,
,,,,,,
,,,,,,
,,,,,,
,,,,,,
,,,,,,
,,,,,,
,,,,,,
,,,,,,
,,,,,,
,,,,,,
,,,,,,
,,,,,,
,,,,,,
,,,,,,
,,,,,,
,,,,,,
,,,,,,
,,,,,,
,,,,,,
,,,,,,
,,,,,,
,,,,,,
,,,,,,
,,,,,,
,,,,,,
,,,,,,
,,,,,,
,,,,,,
,,,,,,
,,,,,,
,,,,,,
,,,,,,
,,,,,,
,,,,,,
,,,,,,
,,,,,,
,,,,,,
,,,,,,
,,,,,,
,,,,,,
,,,,,,
,,,,,,
,,,,,,
,,,,,,
,,,,,,
,,,,,,
,,,,,,
,,,,,,
,,,,,,
,,,,,,
,,,,,,
,,,,,,
,,,,,,
,,,,,,
,,,,,,
,,,,,,
,,,,,,
,,,,,,
,,,,,,
,,,,,,
,,,,,,
,,,,,,
,,,,,,
,,,,,,
,,,,,,
,,,,,,
,,,,,,
,,,,,,
,,,,,,
,,,,,,
,,,,,,
,,,,,,
,,,,,,
,,,,,,
,,,,,,
,,,,,,
,,,,,,
,,,,,,
,,,,,,
,,,,,,
,,,,,,
,,,,,,
,,,,,,
,,,,,,
,,,,,,
,,,,,,
,,,,,,
,,,,,,
,,,,,,
,,,,,,
,,,,,,
,,,,,,
,,,,,,
,,,,,,
,,,,,,
,,,,,,
,,,,,,
,,,,,,
,,,,,,
,,,,,,
,,,,,,
,,,,,,
,,,,,,
,,,,,,
,,,,,,
,,,,,,
,,,,,,
,,,,,,
,,,,,,
,,,,,,
,,,,,,
,,,,,,
,,,,,,
,,,,,,
,,,,,,
,,,,,,
,,,,,,
,,,,,,
,,,,,,
,,,,,,
,,,,,,
,,,,,,
,,,,,,
,,,,,,
,,,,,,
,,,,,,
,,,,,,
,,,,,,
,,,,,,
,,,,,,
,,,,,,
,,,,,,
,,,,,,
,,,,,,
,,,,,,
,,,,,,
,,,,,,
,,,,,,
,,,,,,
,,,,,,
,,,,,,
,,,,,,
,,,,,,
,,,,,,
,,,,,,
,,,,,,
,,,,,,
,,,,,,
,,,,,,
,,,,,,
,,,,,,
,,,,,,
,,,,,,
,,,,,,
,,,,,,
,,,,,,
,,,,,,
,,,,,,
,,,,,,
,,,,,,
,,,,,,
,,,,,,
,,,,,,
,,,,,,
,,,,,,
,,,,,,
,,,,,,
,,,,,,
,,,,,,
,,,,,,
,,,,,,
,,,,,,
,,,,,,
,,,,,,
,,,,,,
,,,,,,
,,,,,,
,,,,,,
,,,,,,
,,,,,,
,,,,,,
,,,,,,
,,,,,,
,,,,,,
,,,,,,
,,,,,,
,,,,,,
,,,,,,
,,,,,,
,,,,,,
,,,,,,
,,,,,,
,,,,,,
,,,,,,
,,,,,,
,,,,,,
,,,,,,
,,,,,,
,,,,,,
,,,,,,
,,,,,,
,,,,,,
,,,,,,
,,,,,,
,,,,,,
,,,,,,
,,,,,,
,,,,,,
,,,,,,
,,,,,,
,,,,,,
,,,,,,
,,,,,,
,,,,,,
,,,,,,
,,,,,,
,,,,,,
,,,,,,
,,,,,,
,,,,,,
,,,,,,
,,,,,,
,,,,,,
,,,,,,
,,,,,,
,,,,,,
,,,,,,
,,,,,,
,,,,,,
,,,,,,
,,,,,,
,,,,,,
,,,,,,
,,,,,,
,,,,,,
,,,,,,
,,,,,,
,,,,,,
,,,,,,
,,,,,,
,,,,,,
,,,,,,
,,,,,,
,,,,,,
,,,,,,
,,,,,,
,,,,,,
,,,,,,
,,,,,,
,,,,,,
,,,,,,
,,,,,,
,,,,,,
,,,,,,
,,,,,,
,,,,,,
,,,,,,
,,,,,,
,,,,,,
,,,,,,
,,,,,,
,,,,,,
,,,,,,
,,,,,,
,,,,,,
,,,,,,
,,,,,,
,,,,,,
,,,,,,
,,,,,,
,,,,,,
,,,,,,
,,,,,,
,,,,,,
,,,,,,
,,,,,,
,,,,,,
,,,,,,
,,,,,,
,,,,,,
,,,,,,
,,,,,,
,,,,,,
,,,,,,
,,,,,,
,,,,,,
,,,,,,
,,,,,,
,,,,,,
,,,,,,
,,,,,,
,,,,,,
,,,,,,
,,,,,,
,,,,,,
,,,,,,
,,,,,,
,,,,,,
,,,,,,
,,,,,,
,,,,,,
,,,,,,
,,,,,,
,,,,,,
,,,,,,
,,,,,,
,,,,,,
,,,,,,
,,,,,,
,,,,,,
,,,,,,
,,,,,,
,,,,,,
,,,,,,
,,,,,,
,,,,,,
,,,,,,
,,,,,,
,,,,,,
,,,,,,
,,,,,,
,,,,,,
,,,,,,
,,,,,,
,,,,,,
,,,,,,
,,,,,,
,,,,,,
,,,,,,
,,,,,,
,,,,,,
,,,,,,
,,,,,,
,,,,,,
,,,,,,
,,,,,,
,,,,,,
,,,,,,
,,,,,,
,,,,,,
,,,,,,
,,,,,,
,,,,,,
,,,,,,
,,,,,,
,,,,,,
,,,,,,
,,,,,,
,,,,,,
,,,,,,
,,,,,,
,,,,,,
,,,,,,
,,,,,,
,,,,,,
,,,,,,
,,,,,,
,,,,,,
,,,,,,
,,,,,,
,,,,,,
,,,,,,
,,,,,,
,,,,,,
,,,,,,
,,,,,,
,,,,,,
,,,,,,
,,,,,,
,,,,,,
,,,,,,
,,,,,,
,,,,,,
,,,,,,
,,,,,,
,,,,,,
,,,,,,
,,,,,,
,,,,,,
,,,,,,
,,,,,,
,,,,,,
,,,,,,
,,,,,,
,,,,,,
,,,,,,
,,,,,,
,,,,,,
,,,,,,
,,,,,,
,,,,,,
,,,,,,
,,,,,,
,,,,,,
,,,,,,
,,,,,,
,,,,,,
,,,,,,
,,,,,,
,,,,,,
,,,,,,
,,,,,,
,,,,,,
,,,,,,
,,,,,,
,,,,,,
,,,,,,
,,,,,,
,,,,,,
,,,,,,
,,,,,,
,,,,,,
,,,,,,
,,,,,,
,,,,,,
,,,,,,
,,,,,,
,,,,,,
,,,,,,
,,,,,,
,,,,,,
,,,,,,
,,,,,,
,,,,,,
,,,,,,
,,,,,,
,,,,,,
,,,,,,
,,,,,,
,,,,,,
,,,,,,
,,,,,,
,,,,,,
,,,,,,
,,,,,,
,,,,,,
,,,,,,
,,,,,,
,,,,,,
,,,,,,
,,,,,,
,,,,,,
,,,,,,
,,,,,,
,,,,,,
,,,,,,
,,,,,,
,,,,,,
,,,,,,
,,,,,,
,,,,,,
,,,,,,
,,,,,,
,,,,,,
,,,,,,
,,,,,,
,,,,,,
,,,,,,
,,,,,,
,,,,,,
,,,,,,
,,,,,,
,,,,,,
,,,,,,
,,,,,,
,,,,,,
,,,,,,
,,,,,,
,,,,,,
,,,,,,
,,,,,,
,,,,,,
,,,,,,
,,,,,,
,,,,,,
,,,,,,
,,,,,,
,,,,,,
,,,,,,
,,,,,,
,,,,,,
,,,,,,
,,,,,,
,,,,,,
,,,,,,
,,,,,,
,,,,,,
,,,,,,
,,,,,,
,,,,,,
,,,,,,
,,,,,,
,,,,,,
,,,,,,
,,,,,,
,,,,,,
,,,,,,
,,,,,,
,,,,,,
,,,,,,
,,,,,,
,,,,,,
,,,,,,
,,,,,,
,,,,,,
,,,,,,
,,,,,,
,,,,,,
,,,,,,
,,,,,,
,,,,,,
,,,,,,
,,,,,,
,,,,,,
,,,,,,
,,,,,,
,,,,,,
,,,,,,
,,,,,,
,,,,,,
,,,,,,
,,,,,,
,,,,,,
,,,,,,
,,,,,,
,,,,,,
,,,,,,
,,,,,,
,,,,,,
,,,,,,
,,,,,,
,,,,,,
,,,,,,
,,,,,,
,,,,,,
,,,,,,
,,,,,,
,,,,,,
,,,,,,
,,,,,,
,,,,,,
,,,,,,
,,,,,,
,,,,,,
,,,,,,
,,,,,,
,,,,,,
,,,,,,
,,,,,,
,,,,,,
,,,,,,
,,,,,,
,,,,,,
,,,,,,
,,,,,,
,,,,,,
,,,,,,
,,,,,,
,,,,,,
,,,,,,
,,,,,,
,,,,,,
,,,,,,
,,,,,,
,,,,,,
,,,,,,
,,,,,,
,,,,,,
,,,,,,
,,,,,,
,,,,,,
,,,,,,
,,,,,,
,,,,,,
,,,,,,
,,,,,,
,,,,,,
,,,,,,
,,,,,,
,,,,,,
,,,,,,
,,,,,,
,,,,,,
,,,,,,
,,,,,,
,,,,,,
,,,,,,
,,,,,,
,,,,,,
,,,,,,
,,,,,,
,,,,,,
,,,,,,
,,,,,,
,,,,,,
,,,,,,
,,,,,,
,,,,,,
,,,,,,
,,,,,,
,,,,,,
,,,,,,
,,,,,,
,,,,,,
,,,,,,
,,,,,,
,,,,,,
,,,,,,
,,,,,,
,,,,,,
,,,,,,
,,,,,,
,,,,,,
,,,,,,
,,,,,,
,,,,,,
,,,,,,
,,,,,,
,,,,,,
,,,,,,
,,,,,,
,,,,,,
,,,,,,
,,,,,,
,,,,,,
,,,,,,
,,,,,,
,,,,,,
,,,,,,
,,,,,,
,,,,,,
,,,,,,
,,,,,,
,,,,,,
,,,,,,
,,,,,,
,,,,,,
,,,,,,
,,,,,,
,,,,,,
,,,,,,
,,,,,,
,,,,,,
,,,,,,
,,,,,,


,,,,,,
,,,,,,
,,,,,,
,,,,,,
,,,,,,
,,,,,,
,,,,,,
,,,,,,
,,,,,,
,,,,,,
,,,,,,
,,,,,,
,,,,,,
,,,,,,
,,,,,,
,,,,,,
,,,,,,
,,,,,,
,,,,,,
,,,,,,
,,,,,,
,,,,,,
,,,,,,
,,,,,,
,,,,,,
,,,,,,
,,,,,,
,,,,,,
,,,,,,
,,,,,,
,,,,,,
,,,,,,
,,,,,,
,,,,,,
,,,,,,
,,,,,,
,,,,,,
,,,,,,
,,,,,,
,,,,,,
,,,,,,
,,,,,,
,,,,,,
,,,,,,
,,,,,,
,,,,,,
,,,,,,
,,,,,,
,,,,,,
,,,,,,
,,,,,,
,,,,,,
,,,,,,
,,,,,,
,,,,,,
,,,,,,
,,,,,,
,,,,,,
,,,,,,
,,,,,,
,,,,,,
,,,,,,
,,,,,,
,,,,,,
,,,,,,
,,,,,,
,,,,,,
,,,,,,
,,,,,,
,,,,,,
,,,,,,
,,,,,,
,,,,,,
,,,,,,
,,,,,,
,,,,,,
,,,,,,
,,,,,,
,,,,,,
,,,,,,
,,,,,,
,,,,,,
,,,,,,
,,,,,,
,,,,,,
,,,,,,
,,,,,,
,,,,,,
,,,,,,
,,,,,,
,,,,,,
,,,,,,
,,,,,,
,,,,,,
,,,,,,
,,,,,,
,,,,,,
,,,,,,
,,,,,,
,,,,,,
,,,,,,
,,,,,,
,,,,,,
,,,,,,
,,,,,,
,,,,,,
,,,,,,
,,,,,,
,,,,,,
,,,,,,
,,,,,,
,,,,,,
,,,,,,
,,,,,,
,,,,,,
,,,,,,
,,,,,,
,,,,,,
,,,,,,
,,,,,,
,,,,,,
,,,,,,
,,,,,,
,,,,,,
,,,,,,
,,,,,,
,,,,,,
,,,,,,
,,,,,,
,,,,,,
,,,,,,
,,,,,,
,,,,,,
,,,,,,
,,,,,,
,,,,,,
,,,,,,
,,,,,,
,,,,,,
,,,,,,
,,,,,,
,,,,,,
,,,,,,
,,,,,,
,,,,,,
,,,,,,
,,,,,,
,,,,,,
,,,,,,
,,,,,,
,,,,,,
,,,,,,
,,,,,,
,,,,,,
,,,,,,
,,,,,,
,,,,,,
,,,,,,
,,,,,,
,,,,,,
,,,,,,
,,,,,,
,,,,,,
,,,,,,
,,,,,,
,,,,,,
,,,,,,
,,,,,,
,,,,,,
,,,,,,
,,,,,,
,,,,,,
,,,,,,
,,,,,,
,,,,,,
,,,,,,
,,,,,,
,,,,,,
,,,,,,
,,,,,,
,,,,,,
,,,,,,
,,,,,,
,,,,,,
,,,,,,
,,,,,,
,,,,,,
,,,,,,
,,,,,,
,,,,,,
,,,,,,
,,,,,,
,,,,,,
,,,,,,
,,,,,,
,,,,,,
,,,,,,
,,,,,,
,,,,,,
,,,,,,
,,,,,,
,,,,,,
,,,,,,
,,,,,,
,,,,,,
,,,,,,
,,,,,,
,,,,,,
,,,,,,
,,,,,,
,,,,,,
,,,,,,
,,,,,,
,,,,,,
,,,,,,
,,,,,,
,,,,,,
,,,,,,
,,,,,,
,,,,,,
,,,,,,
,,,,,,
,,,,,,
,,,,,,
,,,,,,
,,,,,,
,,,,,,
,,,,,,
,,,,,,
,,,,,,
,,,,,,
,,,,,,
,,,,,,
,,,,,,
,,,,,,
,,,,,,
,,,,,,
,,,,,,
,,,,,,
,,,,,,
,,,,,,
,,,,,,
,,,,,,
,,,,,,
,,,,,,
,,,,,,
,,,,,,
,,,,,,
,,,,,,
,,,,,,
,,,,,,
,,,,,,
,,,,,,
,,,,,,
,,,,,,
,,,,,,
,,,,,,
,,,,,,
,,,,,,
,,,,,,
,,,,,,
,,,,,,
,,,,,,
,,,,,,
,,,,,,
,,,,,,
,,,,,,
,,,,,,
,,,,,,
,,,,,,
,,,,,,
,,,,,,
,,,,,,
,,,,,,
,,,,,,
,,,,,,
,,,,,,
,,,,,,
,,,,,,
,,,,,,
,,,,,,
,,,,,,
,,,,,,
,,,,,,
,,,,,,
,,,,,,
,,,,,,
,,,,,,
,,,,,,
,,,,,,
,,,,,,
,,,,,,
,,,,,,
,,,,,,
,,,,,,
,,,,,,
,,,,,,
,,,,,,
,,,,,,
,,,,,,
,,,,,,
,,,,,,
,,,,,,
,,,,,,
,,,,,,
,,,,,,
,,,,,,
,,,,,,
,,,,,,
,,,,,,
,,,,,,
,,,,,,
,,,,,,
,,,,,,
,,,,,,
,,,,,,
,,,,,,
,,,,,,
,,,,,,
,,,,,,
,,,,,,
,,,,,,
,,,,,,
,,,,,,
,,,,,,
,,,,,,
,,,,,,
,,,,,,
,,,,,,
,,,,,,
,,,,,,
,,,,,,
,,,,,,
,,,,,,
,,,,,,
,,,,,,
,,,,,,
,,,,,,
,,,,,,
,,,,,,
,,,,,,
,,,,,,
,,,,,,
,,,,,,
,,,,,,
,,,,,,
,,,,,,
,,,,,,
,,,,,,
,,,,,,
,,,,,,
,,,,,,
,,,,,,
,,,,,,
,,,,,,
,,,,,,
,,,,,,
,,,,,,
,,,,,,
,,,,,,
,,,,,,
,,,,,,
,,,,,,
,,,,,,
,,,,,,
,,,,,,
,,,,,,
,,,,,,
,,,,,,
,,,,,,
,,,,,,
,,,,,,
,,,,,,
,,,,,,
,,,,,,
,,,,,,
,,,,,,
,,,,,,
,,,,,,
,,,,,,
,,,,,,
,,,,,,
,,,,,,
,,,,,,
,,,,,,
,,,,,,
,,,,,,
,,,,,,
,,,,,,
,,,,,,
,,,,,,
,,,,,,
,,,,,,
,,,,,,
,,,,,,
,,,,,,
,,,,,,
,,,,,,
,,,,,,
,,,,,,
,,,,,,
,,,,,,
,,,,,,
,,,,,,
,,,,,,
,,,,,,
,,,,,,
,,,,,,
,,,,,,
,,,,,,
,,,,,,
,,,,,,
,,,,,,
,,,,,,
,,,,,,
,,,,,,
,,,,,,
,,,,,,
,,,,,,
,,,,,,
,,,,,,
,,,,,,
,,,,,,
,,,,,,
,,,,,,
,,,,,,
,,,,,,
,,,,,,
,,,,,,
,,,,,,
,,,,,,
,,,,,,
,,,,,,
,,,,,,
,,,,,,
,,,,,,
,,,,,,
,,,,,,
,,,,,,
,,,,,,
,,,,,,
,,,,,,
,,,,,,
,,,,,,
,,,,,,
,,,,,,
,,,,,,
,,,,,,
,,,,,,
,,,,,,
,,,,,,
,,,,,,
,,,,,,
,,,,,,
,,,,,,
,,,,,,
,,,,,,
,,,,,,
,,,,,,
,,,,,,
,,,,,,
,,,,,,
,,,,,,
,,,,,,
,,,,,,
,,,,,,
,,,,,,
,,,,,,
,,,,,,
,,,,,,
,,,,,,
,,,,,,
,,,,,,
,,,,,,
,,,,,,
,,,,,,
,,,,,,
,,,,,,
,,,,,,
,,,,,,
,,,,,,
,,,,,,
,,,,,,
,,,,,,
,,,,,,
,,,,,,
,,,,,,
,,,,,,
,,,,,,
,,,,,,
,,,,,,
,,,,,,
,,,,,,
,,,,,,
,,,,,,
,,,,,,
,,,,,,
,,,,,,
,,,,,,
,,,,,,
,,,,,,
,,,,,,
,,,,,,
,,,,,,
,,,,,,
,,,,,,
,,,,,,
,,,,,,
,,,,,,
,,,,,,
,,,,,,
,,,,,,
,,,,,,
,,,,,,
,,,,,,
,,,,,,
,,,,,,
,,,,,,
,,,,,,
,,,,,,
,,,,,,
,,,,,,
,,,,,,
,,,,,,
,,,,,,
,,,,,,
,,,,,,
,,,,,,
,,,,,,
,,,,,,
,,,,,,
,,,,,,
,,,,,,
,,,,,,
,,,,,,
,,,,,,
,,,,,,
,,,,,,
,,,,,,
,,,,,,
,,,,,,
,,,,,,
,,,,,,
,,,,,,
,,,,,,
,,,,,,
,,,,,,
,,,,,,
,,,,,,
,,,,,,
,,,,,,
,,,,,,
,,,,,,
,,,,,,
,,,,,,
,,,,,,
,,,,,,
,,,,,,
,,,,,,
,,,,,,
,,,,,,
,,,,,,
,,,,,,
,,,,,,
,,,,,,
,,,,,,
,,,,,,
,,,,,,
,,,,,,
,,,,,,
,,,,,,
,,,,,,
,,,,,,
,,,,,,
,,,,,,
,,,,,,
,,,,,,
,,,,,,
,,,,,,
,,,,,,
,,,,,,
,,,,,,
,,,,,,
,,,,,,
,,,,,,
,,,,,,
,,,,,,
,,,,,,
,,,,,,
,,,,,,
,,,,,,
,,,,,,
,,,,,,
,,,,,,
,,,,,,
,,,,,,
,,,,,,
,,,,,,
,,,,,,
,,,,,,
,,,,,,
,,,,,,
,,,,,,
,,,,,,
,,,,,,
,,,,,,
,,,,,,
,,,,,,
,,,,,,
,,,,,,
,,,,,,
,,,,,,
,,,,,,
,,,,,,
,,,,,,
,,,,,,
,,,,,,
,,,,,,
,,,,,,
,,,,,,
,,,,,,
,,,,,,
,,,,,,
,,,,,,
,,,,,,
,,,,,,
,,,,,,
,,,,,,
,,,,,,
,,,,,,
,,,,,,
,,,,,,
,,,,,,
,,,,,,
,,,,,,
,,,,,,
,,,,,,
,,,,,,
,,,,,,
,,,,,,
,,,,,,
,,,,,,
,,,,,,
,,,,,,
,,,,,,
,,,,,,
,,,,,,
,,,,,,
,,,,,,
,,,,,,
,,,,,,
,,,,,,
,,,,,,
,,,,,,
,,,,,,
,,,,,,
,,,,,,
,,,,,,
,,,,,,
,,,,,,
,,,,,,
,,,,,,
,,,,,,
,,,,,,
,,,,,,
,,,,,,
,,,,,,
,,,,,,
,,,,,,
,,,,,,
,,,,,,
,,,,,,
,,,,,,
,,,,,,
,,,,,,
,,,,,,
,,,,,,
,,,,,,
,,,,,,
,,,,,,
,,,,,,
,,,,,,
,,,,,,
,,,,,,
,,,,,,
,,,,,,
,,,,,,
,,,,,,
,,,,,,
,,,,,,
,,,,,,
,,,,,,
,,,,,,
,,,,,,
,,,,,,
,,,,,,
,,,,,,
,,,,,,
,,,,,,
,,,,,,
,,,,,,
,,,,,,
,,,,,,
,,,,,,
,,,,,,
,,,,,,
,,,,,,
,,,,,,
,,,,,,
,,,,,,
,,,,,,
,,,,,,
,,,,,,
,,,,,,
,,,,,,
,,,,,,
,,,,,,
,,,,,,
,,,,,,
,,,,,,
,,,,,,
,,,,,,
,,,,,,
,,,,,,
,,,,,,
,,,,,,
,,,,,,
,,,,,,
,,,,,,
,,,,,,
,,,,,,
,,,,,,
,,,,,,
,,,,,,
,,,,,,
,,,,,,
,,,,,,
,,,,,,
,,,,,,
,,,,,,
,,,,,,
,,,,,,
,,,,,,
,,,,,,
,,,,,,
,,,,,,
,,,,,,
,,,,,,
,,,,,,
,,,,,,
,,,,,,
,,,,,,


,,,,,,
,,,,,,
,,,,,,
,,,,,,
,,,,,,
,,,,,,
,,,,,,
,,,,,,
,,,,,,
,,,,,,
,,,,,,
,,,,,,
,,,,,,
,,,,,,
,,,,,,
,,,,,,
,,,,,,
,,,,,,
,,,,,,
,,,,,,
,,,,,,
,,,,,,
,,,,,,
,,,,,,
,,,,,,
,,,,,,
,,,,,,
,,,,,,
,,,,,,
,,,,,,
,,,,,,
,,,,,,
,,,,,,
,,,,,,
,,,,,,
,,,,,,
,,,,,,
,,,,,,
,,,,,,
,,,,,,
,,,,,,
,,,,,,
,,,,,,
,,,,,,
,,,,,,
,,,,,,
,,,,,,
,,,,,,
,,,,,,
,,,,,,
,,,,,,
,,,,,,
,,,,,,
,,,,,,
,,,,,,
,,,,,,
,,,,,,
,,,,,,
,,,,,,
,,,,,,
,,,,,,
,,,,,,
,,,,,,
,,,,,,
,,,,,,
,,,,,,
,,,,,,
,,,,,,
,,,,,,
,,,,,,
,,,,,,
,,,,,,
,,,,,,
,,,,,,
,,,,,,
,,,,,,
,,,,,,
,,,,,,
,,,,,,
,,,,,,
,,,,,,
,,,,,,
,,,,,,
,,,,,,
,,,,,,
,,,,,,
,,,,,,
,,,,,,
,,,,,,
,,,,,,
,,,,,,
,,,,,,
,,,,,,
,,,,,,
,,,,,,
,,,,,,
,,,,,,
,,,,,,
,,,,,,
,,,,,,
,,,,,,
,,,,,,
,,,,,,
,,,,,,
,,,,,,
,,,,,,
,,,,,,
,,,,,,
,,,,,,
,,,,,,
,,,,,,
,,,,,,
,,,,,,
,,,,,,
,,,,,,
,,,,,,
,,,,,,
,,,,,,
,,,,,,
,,,,,,
,,,,,,
,,,,,,
,,,,,,
,,,,,,
,,,,,,
,,,,,,
,,,,,,
,,,,,,
,,,,,,
,,,,,,
,,,,,,
,,,,,,
,,,,,,
,,,,,,
,,,,,,
,,,,,,
,,,,,,
,,,,,,
,,,,,,
,,,,,,
,,,,,,
,,,,,,
,,,,,,
,,,,,,
,,,,,,
,,,,,,
,,,,,,
,,,,,,
,,,,,,
,,,,,,
,,,,,,
,,,,,,
,,,,,,
,,,,,,
,,,,,,
,,,,,,
,,,,,,
,,,,,,
,,,,,,
,,,,,,
,,,,,,
,,,,,,
,,,,,,
,,,,,,
,,,,,,
,,,,,,
,,,,,,
,,,,,,
,,,,,,
,,,,,,
,,,,,,
,,,,,,
,,,,,,
,,,,,,
,,,,,,
,,,,,,
,,,,,,
,,,,,,
,,,,,,
,,,,,,
,,,,,,
,,,,,,
,,,,,,
,,,,,,
,,,,,,
,,,,,,
,,,,,,
,,,,,,
,,,,,,
,,,,,,
,,,,,,
,,,,,,
,,,,,,
,,,,,,
,,,,,,
,,,,,,
,,,,,,
,,,,,,
,,,,,,
,,,,,,
,,,,,,
,,,,,,
,,,,,,
,,,,,,
,,,,,,
,,,,,,
,,,,,,
,,,,,,
,,,,,,
,,,,,,
,,,,,,
,,,,,,
,,,,,,
,,,,,,
,,,,,,
,,,,,,
,,,,,,
,,,,,,
,,,,,,
,,,,,,
,,,,,,
,,,,,,
,,,,,,
,,,,,,
,,,,,,
,,,,,,
,,,,,,
,,,,,,
,,,,,,
,,,,,,
,,,,,,
,,,,,,
,,,,,,
,,,,,,
,,,,,,
,,,,,,
,,,,,,
,,,,,,
,,,,,,
,,,,,,
,,,,,,
,,,,,,
,,,,,,
,,,,,,
,,,,,,
,,,,,,
,,,,,,
,,,,,,
,,,,,,
,,,,,,
,,,,,,
,,,,,,
,,,,,,
,,,,,,
,,,,,,
,,,,,,
,,,,,,
,,,,,,
,,,,,,
,,,,,,
,,,,,,
,,,,,,
,,,,,,
,,,,,,
,,,,,,
,,,,,,
,,,,,,
,,,,,,
,,,,,,
,,,,,,
,,,,,,
,,,,,,
,,,,,,
,,,,,,
,,,,,,
,,,,,,
,,,,,,
,,,,,,
,,,,,,
,,,,,,
,,,,,,
,,,,,,
,,,,,,
,,,,,,
,,,,,,
,,,,,,
,,,,,,
,,,,,,
,,,,,,
,,,,,,
,,,,,,
,,,,,,
,,,,,,
,,,,,,
,,,,,,
,,,,,,
,,,,,,
,,,,,,
,,,,,,
,,,,,,
,,,,,,
,,,,,,
,,,,,,
,,,,,,
,,,,,,
,,,,,,
,,,,,,
,,,,,,
,,,,,,
,,,,,,
,,,,,,
,,,,,,
,,,,,,
,,,,,,
,,,,,,
,,,,,,
,,,,,,
,,,,,,
,,,,,,
,,,,,,
,,,,,,
,,,,,,
,,,,,,
,,,,,,
,,,,,,
,,,,,,
,,,,,,
,,,,,,
,,,,,,
,,,,,,
,,,,,,
,,,,,,
,,,,,,
,,,,,,
,,,,,,
,,,,,,
,,,,,,
,,,,,,
,,,,,,
,,,,,,
,,,,,,
,,,,,,
,,,,,,
,,,,,,
,,,,,,
,,,,,,
,,,,,,
,,,,,,
,,,,,,
,,,,,,
,,,,,,
,,,,,,
,,,,,,
,,,,,,
,,,,,,
,,,,,,
,,,,,,
,,,,,,
,,,,,,
,,,,,,
,,,,,,
,,,,,,
,,,,,,
,,,,,,
,,,,,,
,,,,,,
,,,,,,
,,,,,,
,,,,,,
,,,,,,
,,,,,,
,,,,,,
,,,,,,
,,,,,,
,,,,,,
,,,,,,
,,,,,,
,,,,,,
,,,,,,
,,,,,,
,,,,,,
,,,,,,
,,,,,,
,,,,,,
,,,,,,
,,,,,,
,,,,,,
,,,,,,
,,,,,,
,,,,,,
,,,,,,
,,,,,,
,,,,,,
,,,,,,
,,,,,,
,,,,,,
,,,,,,
,,,,,,
,,,,,,
,,,,,,
,,,,,,
,,,,,,
,,,,,,
,,,,,,
,,,,,,
,,,,,,
,,,,,,
,,,,,,
,,,,,,
,,,,,,
,,,,,,
,,,,,,
,,,,,,
,,,,,,
,,,,,,
,,,,,,
,,,,,,
,,,,,,
,,,,,,
,,,,,,
,,,,,,
,,,,,,
,,,,,,
,,,,,,
,,,,,,
,,,,,,
,,,,,,
,,,,,,
,,,,,,
,,,,,,
,,,,,,
,,,,,,
,,,,,,
,,,,,,
,,,,,,
,,,,,,
,,,,,,
,,,,,,
,,,,,,
,,,,,,
,,,,,,
,,,,,,
,,,,,,
,,,,,,
,,,,,,
,,,,,,
,,,,,,
,,,,,,
,,,,,,
,,,,,,
,,,,,,
,,,,,,
,,,,,,
,,,,,,
,,,,,,
,,,,,,
,,,,,,
,,,,,,
,,,,,,
,,,,,,
,,,,,,
,,,,,,
,,,,,,
,,,,,,
,,,,,,
,,,,,,
,,,,,,
,,,,,,
,,,,,,
,,,,,,
,,,,,,
,,,,,,
,,,,,,
,,,,,,
,,,,,,
,,,,,,
,,,,,,
,,,,,,
,,,,,,
,,,,,,
,,,,,,
,,,,,,
,,,,,,
,,,,,,
,,,,,,
,,,,,,
,,,,,,
,,,,,,
,,,,,,
,,,,,,
,,,,,,
,,,,,,
,,,,,,
,,,,,,
,,,,,,
,,,,,,
,,,,,,
,,,,,,
,,,,,,
,,,,,,
,,,,,,
,,,,,,
,,,,,,
,,,,,,
,,,,,,
,,,,,,
,,,,,,
,,,,,,
,,,,,,
,,,,,,
,,,,,,
,,,,,,
,,,,,,
,,,,,,
,,,,,,
,,,,,,
,,,,,,
,,,,,,
,,,,,,
,,,,,,
,,,,,,
,,,,,,
,,,,,,
,,,,,,
,,,,,,
,,,,,,
,,,,,,
,,,,,,
,,,,,,
,,,,,,
,,,,,,
,,,,,,
,,,,,,
,,,,,,
,,,,,,
,,,,,,
,,,,,,
,,,,,,
,,,,,,
,,,,,,
,,,,,,
,,,,,,
,,,,,,
,,,,,,
,,,,,,
,,,,,,
,,,,,,
,,,,,,
,,,,,,
,,,,,,
,,,,,,
,,,,,,
,,,,,,
,,,,,,
,,,,,,
,,,,,,
,,,,,,
,,,,,,
,,,,,,
,,,,,,
,,,,,,
,,,,,,
,,,,,,
,,,,,,
,,,,,,
,,,,,,
,,,,,,
,,,,,,
,,,,,,
,,,,,,
,,,,,,
,,,,,,
,,,,,,
,,,,,,
,,,,,,
,,,,,,
,,,,,,
,,,,,,
,,,,,,
,,,,,,
,,,,,,
,,,,,,
,,,,,,
,,,,,,
,,,,,,
,,,,,,
,,,,,,
,,,,,,
,,,,,,
,,,,,,
,,,,,,
,,,,,,
,,,,,,
,,,,,,
,,,,,,
,,,,,,
,,,,,,
,,,,,,
,,,,,,
,,,,,,
,,,,,,
,,,,,,
,,,,,,
,,,,,,
,,,,,,
,,,,,,
,,,,,,
,,,,,,
,,,,,,
,,,,,,
,,,,,,
,,,,,,
,,,,,,
,,,,,,
,,,,,,
,,,,,,
,,,,,,
,,,,,,
,,,,,,
,,,,,,
,,,,,,
,,,,,,
,,,,,,
,,,,,,
,,,,,,
,,,,,,
,,,,,,
,,,,,,
,,,,,,
,,,,,,
,,,,,,
,,,,,,
,,,,,,
,,,,,,
,,,,,,
,,,,,,
,,,,,,
,,,,,,
,,,,,,
,,,,,,
,,,,,,
,,,,,,
,,,,,,
,,,,,,
,,,,,,
,,,,,,
,,,,,,
,,,,,,
,,,,,,
,,,,,,
,,,,,,
,,,,,,
,,,,,,
,,,,,,
,,,,,,
,,,,,,
,,,,,,
,,,,,,
,,,,,,
,,,,,,
,,,,,,
,,,,,,
,,,,,,
,,,,,,
,,,,,,
,,,,,,
,,,,,,
,,,,,,
,,,,,,
,,,,,,
,,,,,,
,,,,,,
,,,,,,
,,,,,,
,,,,,,
,,,,,,
,,,,,,
,,,,,,
,,,,,,
,,,,,,
,,,,,,
,,,,,,
,,,,,,
,,,,,,
,,,,,,
,,,,,,
,,,,,,
,,,,,,
,,,,,,
,,,,,,
,,,,,,
,,,,,,
,,,,,,
,,,,,,
,,,,,,
,,,,,,
,,,,,,
,,,,,,
,,,,,,
,,,,,,
,,,,,,
,,,,,,
,,,,,,
,,,,,,
,,,,,,
,,,,,,
,,,,,,
,,,,,,
,,,,,,
,,,,,,
,,,,,,
,,,,,,
,,,,,,
,,,,,,
,,,,,,
,,,,,,
,,,,,,
,,,,,,
,,,,,,
,,,,,,
,,,,,,
,,,,,,
,,,,,,
,,,,,,
,,,,,,
,,,,,,
,,,,,,
,,,,,,
,,,,,,
,,,,,,
,,,,,,
,,,,,,
,,,,,,
,,,,,,
,,,,,,
,,,,,,
,,,,,,
,,,,,,
,,,,,,
,,,,,,
,,,,,,
,,,,,,
,,,,,,
,,,,,,
,,,,,,
,,,,,,
,,,,,,
,,,,,,
,,,,,,
,,,,,,
,,,,,,
,,,,,,
,,,,,,
,,,,,,
,,,,,,
,,,,,,


,,,,,,
,,,,,,
,,,,,,
,,,,,,
,,,,,,
,,,,,,
,,,,,,
,,,,,,
,,,,,,
,,,,,,
,,,,,,
,,,,,,
,,,,,,
,,,,,,
,,,,,,
,,,,,,
,,,,,,
,,,,,,
,,,,,,
,,,,,,
,,,,,,
,,,,,,
,,,,,,
,,,,,,
,,,,,,
,,,,,,
,,,,,,
,,,,,,
,,,,,,
,,,,,,
,,,,,,
,,,,,,
,,,,,,
,,,,,,
,,,,,,
,,,,,,
,,,,,,
,,,,,,
,,,,,,
,,,,,,
,,,,,,
,,,,,,
,,,,,,
,,,,,,
,,,,,,
,,,,,,
,,,,,,
,,,,,,
,,,,,,
,,,,,,
,,,,,,
,,,,,,
,,,,,,
,,,,,,
,,,,,,
,,,,,,
,,,,,,
,,,,,,
,,,,,,
,,,,,,
,,,,,,
,,,,,,
,,,,,,
,,,,,,
,,,,,,
,,,,,,
,,,,,,
,,,,,,
,,,,,,
,,,,,,
,,,,,,
,,,,,,
,,,,,,
,,,,,,
,,,,,,
,,,,,,
,,,,,,
,,,,,,
,,,,,,
,,,,,,
,,,,,,
,,,,,,
,,,,,,
,,,,,,
,,,,,,
,,,,,,
,,,,,,
,,,,,,
,,,,,,
,,,,,,
,,,,,,
,,,,,,
,,,,,,
,,,,,,
,,,,,,
,,,,,,
,,,,,,
,,,,,,
,,,,,,
,,,,,,
,,,,,,
,,,,,,
,,,,,,
,,,,,,
,,,,,,
,,,,,,
,,,,,,
,,,,,,
,,,,,,
,,,,,,
,,,,,,
,,,,,,
,,,,,,
,,,,,,
,,,,,,
,,,,,,
,,,,,,
,,,,,,
,,,,,,
,,,,,,
,,,,,,
,,,,,,
,,,,,,
,,,,,,
,,,,,,
,,,,,,
,,,,,,
,,,,,,
,,,,,,
,,,,,,
,,,,,,
,,,,,,
,,,,,,
,,,,,,
,,,,,,
,,,,,,
,,,,,,
,,,,,,
,,,,,,
,,,,,,
,,,,,,
,,,,,,
,,,,,,
,,,,,,
,,,,,,
,,,,,,
,,,,,,
,,,,,,
,,,,,,
,,,,,,
,,,,,,
,,,,,,
,,,,,,
,,,,,,
,,,,,,
,,,,,,
,,,,,,
,,,,,,
,,,,,,
,,,,,,
,,,,,,
,,,,,,
,,,,,,
,,,,,,
,,,,,,
,,,,,,
,,,,,,
,,,,,,
,,,,,,
,,,,,,
,,,,,,
,,,,,,
,,,,,,
,,,,,,
,,,,,,
,,,,,,
,,,,,,
,,,,,,
,,,,,,
,,,,,,
,,,,,,
,,,,,,
,,,,,,
,,,,,,
,,,,,,
,,,,,,
,,,,,,
,,,,,,
,,,,,,
,,,,,,
,,,,,,
,,,,,,
,,,,,,
,,,,,,
,,,,,,
,,,,,,
,,,,,,
,,,,,,
,,,,,,
,,,,,,
,,,,,,
,,,,,,
,,,,,,
,,,,,,
,,,,,,
,,,,,,
,,,,,,
,,,,,,
,,,,,,
,,,,,,
,,,,,,
,,,,,,
,,,,,,
,,,,,,
,,,,,,
,,,,,,
,,,,,,
,,,,,,
,,,,,,
,,,,,,
,,,,,,
,,,,,,
,,,,,,
,,,,,,
,,,,,,
,,,,,,
,,,,,,
,,,,,,
,,,,,,
,,,,,,
,,,,,,
,,,,,,
,,,,,,
,,,,,,
,,,,,,
,,,,,,
,,,,,,
,,,,,,
,,,,,,
,,,,,,
,,,,,,
,,,,,,
,,,,,,
,,,,,,
,,,,,,
,,,,,,
,,,,,,
,,,,,,
,,,,,,
,,,,,,
,,,,,,
,,,,,,
,,,,,,
,,,,,,
,,,,,,
,,,,,,
,,,,,,
,,,,,,
,,,,,,
,,,,,,
,,,,,,
,,,,,,
,,,,,,
,,,,,,
,,,,,,
,,,,,,
,,,,,,
,,,,,,
,,,,,,
,,,,,,
,,,,,,
,,,,,,
,,,,,,
,,,,,,
,,,,,,
,,,,,,
,,,,,,
,,,,,,
,,,,,,
,,,,,,
,,,,,,
,,,,,,
,,,,,,
,,,,,,
,,,,,,
,,,,,,
,,,,,,
,,,,,,
,,,,,,
,,,,,,
,,,,,,
,,,,,,
,,,,,,
,,,,,,
,,,,,,
,,,,,,
,,,,,,
,,,,,,
,,,,,,
,,,,,,
,,,,,,
,,,,,,
,,,,,,
,,,,,,
,,,,,,
,,,,,,
,,,,,,
,,,,,,
,,,,,,
,,,,,,
,,,,,,
,,,,,,
,,,,,,
,,,,,,
,,,,,,
,,,,,,
,,,,,,
,,,,,,
,,,,,,
,,,,,,
,,,,,,
,,,,,,
,,,,,,
,,,,,,
,,,,,,
,,,,,,
,,,,,,
,,,,,,
,,,,,,
,,,,,,
,,,,,,
,,,,,,
,,,,,,
,,,,,,
,,,,,,
,,,,,,
,,,,,,
,,,,,,
,,,,,,
,,,,,,
,,,,,,
,,,,,,
,,,,,,
,,,,,,
,,,,,,
,,,,,,
,,,,,,
,,,,,,
,,,,,,
,,,,,,
,,,,,,
,,,,,,
,,,,,,
,,,,,,
,,,,,,
,,,,,,
,,,,,,
,,,,,,
,,,,,,
,,,,,,
,,,,,,
,,,,,,
,,,,,,
,,,,,,
,,,,,,
,,,,,,
,,,,,,
,,,,,,
,,,,,,
,,,,,,
,,,,,,
,,,,,,
,,,,,,
,,,,,,
,,,,,,
,,,,,,
,,,,,,
,,,,,,
,,,,,,
,,,,,,
,,,,,,
,,,,,,
,,,,,,
,,,,,,
,,,,,,
,,,,,,
,,,,,,
,,,,,,
,,,,,,
,,,,,,
,,,,,,
,,,,,,
,,,,,,
,,,,,,
,,,,,,
,,,,,,
,,,,,,
,,,,,,
,,,,,,
,,,,,,
,,,,,,
,,,,,,
,,,,,,
,,,,,,
,,,,,,
,,,,,,
,,,,,,
,,,,,,
,,,,,,
,,,,,,
,,,,,,
,,,,,,
,,,,,,
,,,,,,
,,,,,,
,,,,,,
,,,,,,
,,,,,,
,,,,,,
,,,,,,
,,,,,,
,,,,,,
,,,,,,
,,,,,,
,,,,,,
,,,,,,
,,,,,,
,,,,,,
,,,,,,
,,,,,,
,,,,,,
,,,,,,
,,,,,,
,,,,,,
,,,,,,
,,,,,,
,,,,,,
,,,,,,
,,,,,,
,,,,,,
,,,,,,
,,,,,,
,,,,,,
,,,,,,
,,,,,,
,,,,,,
,,,,,,
,,,,,,
,,,,,,
,,,,,,
,,,,,,
,,,,,,
,,,,,,
,,,,,,
,,,,,,
,,,,,,
,,,,,,
,,,,,,
,,,,,,
,,,,,,
,,,,,,
,,,,,,
,,,,,,
,,,,,,
,,,,,,
,,,,,,
,,,,,,
,,,,,,
,,,,,,
,,,,,,
,,,,,,
,,,,,,
,,,,,,
,,,,,,
,,,,,,
,,,,,,
,,,,,,
,,,,,,
,,,,,,
,,,,,,
,,,,,,
,,,,,,
,,,,,,
,,,,,,
,,,,,,
,,,,,,
,,,,,,
,,,,,,
,,,,,,
,,,,,,
,,,,,,
,,,,,,
,,,,,,
,,,,,,
,,,,,,
,,,,,,
,,,,,,
,,,,,,
,,,,,,
,,,,,,
,,,,,,
,,,,,,
,,,,,,
,,,,,,
,,,,,,
,,,,,,
,,,,,,
,,,,,,
,,,,,,
,,,,,,
,,,,,,
,,,,,,
,,,,,,
,,,,,,
,,,,,,
,,,,,,
,,,,,,
,,,,,,
,,,,,,
,,,,,,
,,,,,,
,,,,,,
,,,,,,
,,,,,,
,,,,,,
,,,,,,
,,,,,,
,,,,,,
,,,,,,
,,,,,,
,,,,,,
,,,,,,
,,,,,,
,,,,,,
,,,,,,
,,,,,,
,,,,,,
,,,,,,
,,,,,,
,,,,,,
,,,,,,
,,,,,,
,,,,,,
,,,,,,
,,,,,,
,,,,,,
,,,,,,
,,,,,,
,,,,,,
,,,,,,
,,,,,,
,,,,,,
,,,,,,
,,,,,,
,,,,,,
,,,,,,
,,,,,,
,,,,,,
,,,,,,
,,,,,,
,,,,,,
,,,,,,
,,,,,,
,,,,,,
,,,,,,
,,,,,,
,,,,,,
,,,,,,
,,,,,,
,,,,,,
,,,,,,
,,,,,,
,,,,,,
,,,,,,
,,,,,,
,,,,,,
,,,,,,
,,,,,,
,,,,,,
,,,,,,
,,,,,,
,,,,,,
,,,,,,
,,,,,,
,,,,,,
,,,,,,
,,,,,,
,,,,,,
,,,,,,
,,,,,,
,,,,,,
,,,,,,
,,,,,,
,,,,,,
,,,,,,
,,,,,,
,,,,,,
,,,,,,
,,,,,,
,,,,,,
,,,,,,
,,,,,,
,,,,,,
,,,,,,
,,,,,,
,,,,,,
,,,,,,
,,,,,,
,,,,,,
,,,,,,
,,,,,,
,,,,,,
,,,,,,
,,,,,,
,,,,,,
,,,,,,
,,,,,,
,,,,,,
,,,,,,
,,,,,,
,,,,,,
,,,,,,
,,,,,,
,,,,,,
,,,,,,
,,,,,,
,,,,,,
,,,,,,
,,,,,,
,,,,,,
,,,,,,
,,,,,,
,,,,,,
,,,,,,
,,,,,,
,,,,,,
,,,,,,
,,,,,,
,,,,,,
,,,,,,
,,,,,,
,,,,,,
,,,,,,
,,,,,,
,,,,,,
,,,,,,
,,,,,,
,,,,,,
,,,,,,
,,,,,,
,,,,,,
,,,,,,
,,,,,,
,,,,,,
,,,,,,
,,,,,,
,,,,,,
,,,,,,
,,,,,,
,,,,,,
,,,,,,
,,,,,,
,,,,,,
,,,,,,
,,,,,,
,,,,,,
,,,,,,
,,,,,,
,,,,,,
,,,,,,
,,,,,,
,,,,,,
,,,,,,
,,,,,,
,,,,,,
,,,,,,
,,,,,,
,,,,,,
,,,,,,
,,,,,,
,,,,,,
,,,,,,
,,,,,,
,,,,,,
,,,,,,
,,,,,,
,,,,,,
,,,,,,
,,,,,,
,,,,,,
,,,,,,
,,,,,,
,,,,,,
,,,,,,
,,,,,,
,,,,,,
,,,,,,
,,,,,,
,,,,,,
,,,,,,
,,,,,,
,,,,,,
,,,,,,
,,,,,,
,,,,,,
,,,,,,
,,,,,,
,,,,,,
,,,,,,
,,,,,,
,,,,,,
,,,,,,
,,,,,,
,,,,,,
,,,,,,
,,,,,,
,,,,,,
,,,,,,
,,,,,,
,,,,,,
,,,,,,
,,,,,,
,,,,,,
,,,,,,
,,,,,,
,,,,,,
,,,,,,
,,,,,,
,,,,,,
,,,,,,
,,,,,,
,,,,,,
,,,,,,
,,,,,,
,,,,,,
,,,,,,
,,,,,,
,,,,,,
,,,,,,
,,,,,,
,,,,,,
,,,,,,
,,,,,,
,,,,,,
,,,,,,
,,,,,,
,,,,,,
,,,,,,
,,,,,,
,,,,,,
,,,,,,
,,,,,,
,,,,,,
,,,,,,
,,,,,,
,,,,,,


,,,,,,
,,,,,,
,,,,,,
,,,,,,
,,,,,,
,,,,,,
,,,,,,
,,,,,,
,,,,,,
,,,,,,
,,,,,,
,,,,,,
,,,,,,
,,,,,,
,,,,,,
,,,,,,
,,,,,,
,,,,,,
,,,,,,
,,,,,,
,,,,,,
,,,,,,
,,,,,,
,,,,,,
,,,,,,
,,,,,,
,,,,,,
,,,,,,
,,,,,,
,,,,,,
,,,,,,
,,,,,,
,,,,,,
,,,,,,
,,,,,,
,,,,,,
,,,,,,
,,,,,,
,,,,,,
,,,,,,
,,,,,,
,,,,,,
,,,,,,
,,,,,,
,,,,,,
,,,,,,
,,,,,,
,,,,,,
,,,,,,
,,,,,,
,,,,,,
,,,,,,
,,,,,,
,,,,,,
,,,,,,
,,,,,,
,,,,,,
,,,,,,
,,,,,,
,,,,,,
,,,,,,
,,,,,,
,,,,,,
,,,,,,
,,,,,,
,,,,,,
,,,,,,
,,,,,,
,,,,,,
,,,,,,
,,,,,,
,,,,,,
,,,,,,
,,,,,,
,,,,,,
,,,,,,
,,,,,,
,,,,,,
,,,,,,
,,,,,,
,,,,,,
,,,,,,
,,,,,,
,,,,,,
,,,,,,
,,,,,,
,,,,,,
,,,,,,
,,,,,,
,,,,,,
,,,,,,
,,,,,,
,,,,,,
,,,,,,
,,,,,,
,,,,,,
,,,,,,
,,,,,,
,,,,,,
,,,,,,
,,,,,,
,,,,,,
,,,,,,
,,,,,,
,,,,,,
,,,,,,
,,,,,,
,,,,,,
,,,,,,
,,,,,,
,,,,,,
,,,,,,
,,,,,,
,,,,,,
,,,,,,
,,,,,,
,,,,,,
,,,,,,
,,,,,,
,,,,,,
,,,,,,
,,,,,,
,,,,,,
,,,,,,
,,,,,,
,,,,,,
,,,,,,
,,,,,,
,,,,,,
,,,,,,
,,,,,,
,,,,,,
,,,,,,
,,,,,,
,,,,,,
,,,,,,
,,,,,,
,,,,,,
,,,,,,
,,,,,,
,,,,,,
,,,,,,
,,,,,,
,,,,,,
,,,,,,
,,,,,,
,,,,,,
,,,,,,
,,,,,,
,,,,,,
,,,,,,
,,,,,,
,,,,,,
,,,,,,
,,,,,,
,,,,,,
,,,,,,
,,,,,,
,,,,,,
,,,,,,
,,,,,,
,,,,,,
,,,,,,
,,,,,,
,,,,,,
,,,,,,
,,,,,,
,,,,,,
,,,,,,
,,,,,,
,,,,,,
,,,,,,
,,,,,,
,,,,,,
,,,,,,
,,,,,,
,,,,,,
,,,,,,
,,,,,,
,,,,,,
,,,,,,
,,,,,,
,,,,,,
,,,,,,
,,,,,,
,,,,,,
,,,,,,
,,,,,,
,,,,,,
,,,,,,
,,,,,,
,,,,,,
,,,,,,
,,,,,,
,,,,,,
,,,,,,
,,,,,,
,,,,,,
,,,,,,
,,,,,,
,,,,,,
,,,,,,
,,,,,,
,,,,,,
,,,,,,
,,,,,,
,,,,,,
,,,,,,
,,,,,,
,,,,,,
,,,,,,
,,,,,,
,,,,,,
,,,,,,
,,,,,,
,,,,,,
,,,,,,
,,,,,,
,,,,,,
,,,,,,
,,,,,,
,,,,,,
,,,,,,
,,,,,,
,,,,,,
,,,,,,
,,,,,,
,,,,,,
,,,,,,
,,,,,,
,,,,,,
,,,,,,
,,,,,,
,,,,,,
,,,,,,
,,,,,,
,,,,,,
,,,,,,
,,,,,,
,,,,,,
,,,,,,
,,,,,,
,,,,,,
,,,,,,
,,,,,,
,,,,,,
,,,,,,
,,,,,,
,,,,,,
,,,,,,
,,,,,,
,,,,,,
,,,,,,
,,,,,,
,,,,,,
,,,,,,
,,,,,,
,,,,,,
,,,,,,
,,,,,,
,,,,,,
,,,,,,
,,,,,,
,,,,,,
,,,,,,
,,,,,,
,,,,,,
,,,,,,
,,,,,,
,,,,,,
,,,,,,
,,,,,,
,,,,,,
,,,,,,
,,,,,,
,,,,,,
,,,,,,
,,,,,,
,,,,,,
,,,,,,
,,,,,,
,,,,,,
,,,,,,
,,,,,,
,,,,,,
,,,,,,
,,,,,,
,,,,,,
,,,,,,
,,,,,,
,,,,,,
,,,,,,
,,,,,,
,,,,,,
,,,,,,
,,,,,,
,,,,,,
,,,,,,
,,,,,,
,,,,,,
,,,,,,
,,,,,,
,,,,,,
,,,,,,
,,,,,,
,,,,,,
,,,,,,
,,,,,,
,,,,,,
,,,,,,
,,,,,,
,,,,,,
,,,,,,
,,,,,,
,,,,,,
,,,,,,
,,,,,,
,,,,,,
,,,,,,
,,,,,,
,,,,,,
,,,,,,
,,,,,,
,,,,,,
,,,,,,
,,,,,,
,,,,,,
,,,,,,
,,,,,,
,,,,,,
,,,,,,
,,,,,,
,,,,,,
,,,,,,
,,,,,,
,,,,,,
,,,,,,
,,,,,,
,,,,,,
,,,,,,
,,,,,,
,,,,,,
,,,,,,
,,,,,,
,,,,,,
,,,,,,
,,,,,,
,,,,,,
,,,,,,
,,,,,,
,,,,,,
,,,,,,
,,,,,,
,,,,,,
,,,,,,
,,,,,,
,,,,,,
,,,,,,
,,,,,,
,,,,,,
,,,,,,
,,,,,,
,,,,,,
,,,,,,
,,,,,,
,,,,,,
,,,,,,
,,,,,,
,,,,,,
,,,,,,
,,,,,,
,,,,,,
,,,,,,
,,,,,,
,,,,,,
,,,,,,
,,,,,,
,,,,,,
,,,,,,
,,,,,,
,,,,,,
,,,,,,
,,,,,,
,,,,,,
,,,,,,
,,,,,,
,,,,,,
,,,,,,
,,,,,,
,,,,,,
,,,,,,
,,,,,,
,,,,,,
,,,,,,
,,,,,,
,,,,,,
,,,,,,
,,,,,,
,,,,,,
,,,,,,
,,,,,,
,,,,,,
,,,,,,
,,,,,,
,,,,,,
,,,,,,
,,,,,,
,,,,,,
,,,,,,
,,,,,,
,,,,,,
,,,,,,
,,,,,,
,,,,,,
,,,,,,
,,,,,,
,,,,,,
,,,,,,
,,,,,,
,,,,,,
,,,,,,
,,,,,,
,,,,,,
,,,,,,
,,,,,,
,,,,,,
,,,,,,
,,,,,,
,,,,,,
,,,,,,
,,,,,,
,,,,,,
,,,,,,
,,,,,,
,,,,,,
,,,,,,
,,,,,,
,,,,,,
,,,,,,
,,,,,,
,,,,,,
,,,,,,
,,,,,,
,,,,,,
,,,,,,
,,,,,,
,,,,,,
,,,,,,
,,,,,,
,,,,,,
,,,,,,
,,,,,,
,,,,,,
,,,,,,
,,,,,,
,,,,,,
,,,,,,
,,,,,,
,,,,,,
,,,,,,
,,,,,,
,,,,,,
,,,,,,
,,,,,,
,,,,,,
,,,,,,
,,,,,,
,,,,,,
,,,,,,
,,,,,,
,,,,,,
,,,,,,
,,,,,,
,,,,,,
,,,,,,
,,,,,,
,,,,,,
,,,,,,
,,,,,,
,,,,,,
,,,,,,
,,,,,,
,,,,,,
,,,,,,
,,,,,,
,,,,,,
,,,,,,
,,,,,,
,,,,,,
,,,,,,
,,,,,,
,,,,,,
,,,,,,
,,,,,,
,,,,,,
,,,,,,
,,,,,,
,,,,,,
,,,,,,
,,,,,,
,,,,,,
,,,,,,
,,,,,,
,,,,,,
,,,,,,
,,,,,,
,,,,,,
,,,,,,
,,,,,,
,,,,,,
,,,,,,
,,,,,,
,,,,,,
,,,,,,
,,,,,,
,,,,,,
,,,,,,
,,,,,,
,,,,,,
,,,,,,
,,,,,,
,,,,,,
,,,,,,
,,,,,,
,,,,,,
,,,,,,
,,,,,,
,,,,,,
,,,,,,
,,,,,,
,,,,,,
,,,,,,
,,,,,,
,,,,,,
,,,,,,
,,,,,,
,,,,,,
,,,,,,
,,,,,,
,,,,,,
,,,,,,
,,,,,,
,,,,,,
,,,,,,
,,,,,,
,,,,,,
,,,,,,
,,,,,,
,,,,,,
,,,,,,
,,,,,,
,,,,,,
,,,,,,
,,,,,,
,,,,,,
,,,,,,
,,,,,,
,,,,,,
,,,,,,
,,,,,,
,,,,,,
,,,,,,
,,,,,,
,,,,,,
,,,,,,
,,,,,,
,,,,,,
,,,,,,
,,,,,,
,,,,,,
,,,,,,
,,,,,,
,,,,,,
,,,,,,
,,,,,,
,,,,,,
,,,,,,
,,,,,,
,,,,,,
,,,,,,
,,,,,,
,,,,,,
,,,,,,
,,,,,,
,,,,,,
,,,,,,
,,,,,,
,,,,,,
,,,,,,
,,,,,,
,,,,,,
,,,,,,
,,,,,,
,,,,,,
,,,,,,
,,,,,,
,,,,,,
,,,,,,
,,,,,,
,,,,,,
,,,,,,
,,,,,,
,,,,,,
,,,,,,
,,,,,,
,,,,,,
,,,,,,
,,,,,,
,,,,,,
,,,,,,
,,,,,,
,,,,,,
,,,,,,
,,,,,,
,,,,,,
,,,,,,
,,,,,,
,,,,,,
,,,,,,
,,,,,,
,,,,,,
,,,,,,
,,,,,,
,,,,,,
,,,,,,
,,,,,,
,,,,,,
,,,,,,
,,,,,,
,,,,,,
,,,,,,
,,,,,,
,,,,,,
,,,,,,
,,,,,,
,,,,,,
,,,,,,
,,,,,,
,,,,,,
,,,,,,
,,,,,,
,,,,,,
,,,,,,
,,,,,,
,,,,,,
,,,,,,
,,,,,,
,,,,,,
,,,,,,
,,,,,,
,,,,,,
,,,,,,
,,,,,,
,,,,,,
,,,,,,
,,,,,,
,,,,,,
,,,,,,
,,,,,,
,,,,,,
,,,,,,
,,,,,,
,,,,,,
,,,,,,
,,,,,,
,,,,,,
,,,,,,
,,,,,,
,,,,,,
,,,,,,
,,,,,,
,,,,,,
,,,,,,
,,,,,,
,,,,,,
,,,,,,
,,,,,,
,,,,,,
,,,,,,
,,,,,,
,,,,,,
,,,,,,
,,,,,,
,,,,,,
,,,,,,
,,,,,,
,,,,,,
,,,,,,
,,,,,,
,,,,,,
,,,,,,
,,,,,,
,,,,,,
,,,,,,
,,,,,,
,,,,,,
,,,,,,
,,,,,,
,,,,,,
,,,,,,
,,,,,,
,,,,,,
,,,,,,
,,,,,,
,,,,,,
,,,,,,
,,,,,,
,,,,,,
,,,,,,
,,,,,,
,,,,,,
,,,,,,
,,,,,,
,,,,,,
,,,,,,
,,,,,,
,,,,,,
,,,,,,
,,,,,,
,,,,,,
,,,,,,
,,,,,,
,,,,,,
,,,,,,
,,,,,,
,,,,,,
,,,,,,
,,,,,,
,,,,,,
,,,,,,
,,,,,,
,,,,,,
,,,,,,
,,,,,,
,,,,,,
,,,,,,
,,,,,,
,,,,,,
,,,,,,
,,,,,,
,,,,,,
,,,,,,
,,,,,,
,,,,,,
,,,,,,
,,,,,,
,,,,,,
,,,,,,
,,,,,,
,,,,,,
,,,,,,
,,,,,,
,,,,,,
,,,,,,
,,,,,,


,,,,,,
,,,,,,
,,,,,,
,,,,,,
,,,,,,
,,,,,,
,,,,,,
,,,,,,
,,,,,,
,,,,,,
,,,,,,
,,,,,,
,,,,,,
,,,,,,
,,,,,,
,,,,,,
,,,,,,
,,,,,,
,,,,,,
,,,,,,
,,,,,,
,,,,,,
,,,,,,
,,,,,,
,,,,,,
,,,,,,
,,,,,,
,,,,,,
,,,,,,
,,,,,,
,,,,,,
,,,,,,
,,,,,,
,,,,,,
,,,,,,
,,,,,,
,,,,,,
,,,,,,
,,,,,,
,,,,,,
,,,,,,
,,,,,,
,,,,,,
,,,,,,
,,,,,,
,,,,,,
,,,,,,
,,,,,,
,,,,,,
,,,,,,
,,,,,,
,,,,,,
,,,,,,
,,,,,,
,,,,,,
,,,,,,
,,,,,,
,,,,,,
,,,,,,
,,,,,,
,,,,,,
,,,,,,
,,,,,,
,,,,,,
,,,,,,
,,,,,,
,,,,,,
,,,,,,
,,,,,,
,,,,,,
,,,,,,
,,,,,,
,,,,,,
,,,,,,
,,,,,,
,,,,,,
,,,,,,
,,,,,,
,,,,,,
,,,,,,
,,,,,,
,,,,,,
,,,,,,
,,,,,,
,,,,,,
,,,,,,
,,,,,,
,,,,,,
,,,,,,
,,,,,,
,,,,,,
,,,,,,
,,,,,,
,,,,,,
,,,,,,
,,,,,,
,,,,,,
,,,,,,
,,,,,,
,,,,,,
,,,,,,
,,,,,,
,,,,,,
,,,,,,
,,,,,,
,,,,,,
,,,,,,
,,,,,,
,,,,,,
,,,,,,
,,,,,,
,,,,,,
,,,,,,
,,,,,,
,,,,,,
,,,,,,
,,,,,,
,,,,,,
,,,,,,
,,,,,,
,,,,,,
,,,,,,
,,,,,,
,,,,,,
,,,,,,
,,,,,,
,,,,,,
,,,,,,
,,,,,,
,,,,,,
,,,,,,
,,,,,,
,,,,,,
,,,,,,
,,,,,,
,,,,,,
,,,,,,
,,,,,,
,,,,,,
,,,,,,
,,,,,,
,,,,,,
,,,,,,
,,,,,,
,,,,,,
,,,,,,
,,,,,,
,,,,,,
,,,,,,
,,,,,,
,,,,,,
,,,,,,
,,,,,,
,,,,,,
,,,,,,
,,,,,,
,,,,,,
,,,,,,
,,,,,,
,,,,,,
,,,,,,
,,,,,,
,,,,,,
,,,,,,
,,,,,,
,,,,,,
,,,,,,
,,,,,,
,,,,,,
,,,,,,
,,,,,,
,,,,,,
,,,,,,
,,,,,,
,,,,,,
,,,,,,
,,,,,,
,,,,,,
,,,,,,
,,,,,,
,,,,,,
,,,,,,
,,,,,,
,,,,,,
,,,,,,
,,,,,,
,,,,,,
,,,,,,
,,,,,,
,,,,,,
,,,,,,
,,,,,,
,,,,,,
,,,,,,
,,,,,,
,,,,,,
,,,,,,
,,,,,,
,,,,,,
,,,,,,
,,,,,,
,,,,,,
,,,,,,
,,,,,,
,,,,,,
,,,,,,
,,,,,,
,,,,,,
,,,,,,
,,,,,,
,,,,,,
,,,,,,
,,,,,,
,,,,,,
,,,,,,
,,,,,,
,,,,,,
,,,,,,
,,,,,,
,,,,,,
,,,,,,
,,,,,,
,,,,,,
,,,,,,
,,,,,,
,,,,,,
,,,,,,
,,,,,,
,,,,,,
,,,,,,
,,,,,,
,,,,,,
,,,,,,
,,,,,,
,,,,,,
,,,,,,
,,,,,,
,,,,,,
,,,,,,
,,,,,,
,,,,,,
,,,,,,
,,,,,,
,,,,,,
,,,,,,
,,,,,,
,,,,,,
,,,,,,
,,,,,,
,,,,,,
,,,,,,
,,,,,,
,,,,,,
,,,,,,
,,,,,,
,,,,,,
,,,,,,
,,,,,,
,,,,,,
,,,,,,
,,,,,,
,,,,,,
,,,,,,
,,,,,,
,,,,,,
,,,,,,
,,,,,,
,,,,,,
,,,,,,
,,,,,,
,,,,,,
,,,,,,
,,,,,,
,,,,,,
,,,,,,
,,,,,,
,,,,,,
,,,,,,
,,,,,,
,,,,,,
,,,,,,
,,,,,,
,,,,,,
,,,,,,
,,,,,,
,,,,,,
,,,,,,
,,,,,,
,,,,,,
,,,,,,
,,,,,,
,,,,,,
,,,,,,
,,,,,,
,,,,,,
,,,,,,
,,,,,,
,,,,,,
,,,,,,
,,,,,,
,,,,,,
,,,,,,
,,,,,,
,,,,,,
,,,,,,
,,,,,,
,,,,,,
,,,,,,
,,,,,,
,,,,,,
,,,,,,
,,,,,,
,,,,,,
,,,,,,
,,,,,,
,,,,,,
,,,,,,
,,,,,,
,,,,,,
,,,,,,
,,,,,,
,,,,,,
,,,,,,
,,,,,,
,,,,,,
,,,,,,
,,,,,,
,,,,,,
,,,,,,
,,,,,,
,,,,,,
,,,,,,
,,,,,,
,,,,,,
,,,,,,
,,,,,,
,,,,,,
,,,,,,
,,,,,,
,,,,,,
,,,,,,
,,,,,,
,,,,,,
,,,,,,
,,,,,,
,,,,,,
,,,,,,
,,,,,,
,,,,,,
,,,,,,
,,,,,,
,,,,,,
,,,,,,
,,,,,,
,,,,,,
,,,,,,
,,,,,,
,,,,,,
,,,,,,
,,,,,,
,,,,,,
,,,,,,
,,,,,,
,,,,,,
,,,,,,
,,,,,,
,,,,,,
,,,,,,
,,,,,,
,,,,,,
,,,,,,
,,,,,,
,,,,,,
,,,,,,
,,,,,,
,,,,,,
,,,,,,
,,,,,,
,,,,,,
,,,,,,
,,,,,,
,,,,,,
,,,,,,
,,,,,,
,,,,,,
,,,,,,
,,,,,,
,,,,,,
,,,,,,
,,,,,,
,,,,,,
,,,,,,
,,,,,,
,,,,,,
,,,,,,
,,,,,,
,,,,,,
,,,,,,
,,,,,,
,,,,,,
,,,,,,
,,,,,,
,,,,,,
,,,,,,
,,,,,,
,,,,,,
,,,,,,
,,,,,,
,,,,,,
,,,,,,
,,,,,,
,,,,,,
,,,,,,
,,,,,,
,,,,,,
,,,,,,
,,,,,,
,,,,,,
,,,,,,
,,,,,,
,,,,,,
,,,,,,
,,,,,,
,,,,,,
,,,,,,
,,,,,,
,,,,,,
,,,,,,
,,,,,,
,,,,,,
,,,,,,
,,,,,,
,,,,,,
,,,,,,
,,,,,,
,,,,,,
,,,,,,
,,,,,,
,,,,,,
,,,,,,
,,,,,,
,,,,,,
,,,,,,
,,,,,,
,,,,,,
,,,,,,
,,,,,,
,,,,,,
,,,,,,
,,,,,,
,,,,,,
,,,,,,
,,,,,,
,,,,,,
,,,,,,
,,,,,,
,,,,,,
,,,,,,
,,,,,,
,,,,,,
,,,,,,
,,,,,,
,,,,,,
,,,,,,
,,,,,,
,,,,,,
,,,,,,
,,,,,,
,,,,,,
,,,,,,
,,,,,,
,,,,,,
,,,,,,
,,,,,,
,,,,,,
,,,,,,
,,,,,,
,,,,,,
,,,,,,
,,,,,,
,,,,,,
,,,,,,
,,,,,,
,,,,,,
,,,,,,
,,,,,,
,,,,,,
,,,,,,
,,,,,,
,,,,,,
,,,,,,
,,,,,,
,,,,,,
,,,,,,
,,,,,,
,,,,,,
,,,,,,
,,,,,,
,,,,,,
,,,,,,
,,,,,,
,,,,,,
,,,,,,
,,,,,,
,,,,,,
,,,,,,
,,,,,,
,,,,,,
,,,,,,
,,,,,,
,,,,,,
,,,,,,
,,,,,,
,,,,,,
,,,,,,
,,,,,,
,,,,,,
,,,,,,
,,,,,,
,,,,,,
,,,,,,
,,,,,,
,,,,,,
,,,,,,
,,,,,,
,,,,,,
,,,,,,
,,,,,,
,,,,,,
,,,,,,
,,,,,,
,,,,,,
,,,,,,
,,,,,,
,,,,,,
,,,,,,
,,,,,,
,,,,,,
,,,,,,
,,,,,,
,,,,,,
,,,,,,
,,,,,,
,,,,,,
,,,,,,
,,,,,,
,,,,,,
,,,,,,
,,,,,,
,,,,,,
,,,,,,
,,,,,,
,,,,,,
,,,,,,
,,,,,,
,,,,,,
,,,,,,
,,,,,,
,,,,,,
,,,,,,
,,,,,,
,,,,,,
,,,,,,
,,,,,,
,,,,,,
,,,,,,
,,,,,,
,,,,,,
,,,,,,
,,,,,,
,,,,,,
,,,,,,
,,,,,,
,,,,,,
,,,,,,
,,,,,,
,,,,,,
,,,,,,
,,,,,,
,,,,,,
,,,,,,
,,,,,,
,,,,,,
,,,,,,
,,,,,,
,,,,,,
,,,,,,
,,,,,,
,,,,,,
,,,,,,
,,,,,,
,,,,,,
,,,,,,
,,,,,,
,,,,,,
,,,,,,
,,,,,,
,,,,,,
,,,,,,
,,,,,,
,,,,,,
,,,,,,
,,,,,,
,,,,,,
,,,,,,
,,,,,,
,,,,,,
,,,,,,
,,,,,,
,,,,,,
,,,,,,
,,,,,,
,,,,,,
,,,,,,
,,,,,,
,,,,,,
,,,,,,
,,,,,,
,,,,,,
,,,,,,
,,,,,,
,,,,,,
,,,,,,
,,,,,,
,,,,,,
,,,,,,
,,,,,,
,,,,,,
,,,,,,
,,,,,,
,,,,,,
,,,,,,
,,,,,,
,,,,,,
,,,,,,
,,,,,,
,,,,,,
,,,,,,
,,,,,,
,,,,,,
,,,,,,
,,,,,,
,,,,,,
,,,,,,
,,,,,,
,,,,,,
,,,,,,
,,,,,,
,,,,,,
,,,,,,
,,,,,,
,,,,,,
,,,,,,
,,,,,,
,,,,,,
,,,,,,
,,,,,,
,,,,,,
,,,,,,
,,,,,,
,,,,,,
,,,,,,
,,,,,,
,,,,,,
,,,,,,
,,,,,,
,,,,,,
,,,,,,
,,,,,,
,,,,,,
,,,,,,
,,,,,,
,,,,,,
,,,,,,
,,,,,,
,,,,,,
,,,,,,
,,,,,,
,,,,,,
,,,,,,
,,,,,,
,,,,,,
,,,,,,
,,,,,,
,,,,,,
,,,,,,
,,,,,,
,,,,,,
,,,,,,
,,,,,,
,,,,,,
,,,,,,
,,,,,,
,,,,,,
,,,,,,
,,,,,,
,,,,,,
,,,,,,
,,,,,,
,,,,,,
,,,,,,
,,,,,,
,,,,,,
,,,,,,
,,,,,,
,,,,,,
,,,,,,
,,,,,,
,,,,,,
,,,,,,
,,,,,,
,,,,,,
,,,,,,
,,,,,,
,,,,,,
,,,,,,
,,,,,,
,,,,,,
,,,,,,
,,,,,,
,,,,,,
,,,,,,
,,,,,,
,,,,,,
,,,,,,
,,,,,,
,,,,,,
,,,,,,
,,,,,,
,,,,,,
,,,,,,
,,,,,,
,,,,,,
,,,,,,
,,,,,,
,,,,,,
,,,,,,
,,,,,,
,,,,,,
,,,,,,
,,,,,,
,,,,,,
,,,,,,
,,,,,,
,,,,,,
,,,,,,
,,,,,,
,,,,,,
,,,,,,
,,,,,,
,,,,,,
,,,,,,
,,,,,,
,,,,,,
,,,,,,


